/*
SQLyog 企业版 - MySQL GUI v8.14 
MySQL - 5.1.49-community : Database - caoyong
*********************************************************************
*/

/*!40101 SET NAMES utf8 */;

/*!40101 SET SQL_MODE=''*/;

/*!40014 SET @OLD_UNIQUE_CHECKS=@@UNIQUE_CHECKS, UNIQUE_CHECKS=0 */;
/*!40014 SET @OLD_FOREIGN_KEY_CHECKS=@@FOREIGN_KEY_CHECKS, FOREIGN_KEY_CHECKS=0 */;
/*!40101 SET @OLD_SQL_MODE=@@SQL_MODE, SQL_MODE='NO_AUTO_VALUE_ON_ZERO' */;
/*!40111 SET @OLD_SQL_NOTES=@@SQL_NOTES, SQL_NOTES=0 */;
CREATE DATABASE /*!32312 IF NOT EXISTS*/`caoyong` /*!40100 DEFAULT CHARACTER SET utf8 */;

USE `caoyong`;

/*Table structure for table `cy_brand` */

DROP TABLE IF EXISTS `cy_brand`;

CREATE TABLE `cy_brand` (
  `id` bigint(20) NOT NULL AUTO_INCREMENT COMMENT 'ID',
  `name` varchar(40) NOT NULL COMMENT '名称',
  `description` varchar(80) DEFAULT NULL COMMENT '描述',
  `img_url` varchar(80) DEFAULT NULL COMMENT '图片Url',
  `web_site` varchar(80) DEFAULT NULL COMMENT '品牌网址',
  `sort` int(11) DEFAULT NULL COMMENT '排序:最大最排前',
  `is_display` tinyint(1) DEFAULT NULL COMMENT '是否可见 1:可见 0:不可见',
  `create_time` datetime NOT NULL COMMENT '创建时间',
  `update_time` datetime NOT NULL COMMENT '修改时间',
  `creator` varchar(10) NOT NULL DEFAULT 'SYSTEM' COMMENT '创建者',
  `modifier` varchar(10) NOT NULL DEFAULT 'SYSTEM' COMMENT '修改者',
  `extra_info` varchar(128) DEFAULT NULL COMMENT '扩展字段',
  `is_deleted` char(1) NOT NULL DEFAULT 'N' COMMENT '是否删除（Y：是，N：否）',
  PRIMARY KEY (`id`,`is_deleted`)
) ENGINE=InnoDB AUTO_INCREMENT=30 DEFAULT CHARSET=utf8 COMMENT='品牌';

/*Data for the table `cy_brand` */

insert  into `cy_brand`(`id`,`name`,`description`,`img_url`,`web_site`,`sort`,`is_display`,`create_time`,`update_time`,`creator`,`modifier`,`extra_info`,`is_deleted`) values (1,'依琦莲9','','http://192.168.128.128/group1/M00/00/00/wKiAgFlKid2AFectAAFaL_xdW_s975.jpg',NULL,99,1,'2017-09-28 15:16:52','2017-12-12 16:19:55','SYSTEM','SYSTEM',NULL,'N'),(2,'凯速（KANSOON）','红色好看的','http://192.168.128.128/group1/M00/00/00/wKiAgFlKj4KAL4LjAAGVD2i3LAI402.jpg',NULL,98,1,'2017-09-28 15:16:58','2017-12-08 15:17:18','SYSTEM','SYSTEM',NULL,'N'),(3,'梵歌纳（vangona）','蓝色经典，你值得拥有22222','http://192.168.128.128/group1/M00/00/00/wKiAgFlNI8eACYbCAAGaUioeBjg175.jpg',NULL,97,1,'2017-09-28 15:16:58','2017-12-15 16:35:13','SYSTEM','SYSTEM',NULL,'N'),(4,'伊朵莲','伊朵莲官方旗舰店','http://192.168.128.128/group1/M00/00/01/wKiAgFlfbJmAdZ3cAAGvKwWirAU419.jpg',NULL,96,1,'2017-09-28 15:17:05','2017-12-08 15:17:55','SYSTEM','SYSTEM',NULL,'N'),(5,'菩媞','点亮生活的美','http://192.168.128.128/group1/M00/00/01/wKiAgFlfbT-Ac8YVAARksmnvcAs474.jpg',NULL,95,1,'2017-06-25 16:37:08','2017-12-12 11:10:44','SYSTEM','SYSTEM',NULL,'N'),(6,'丹璐斯',NULL,'http://192.168.128.128/group1/M00/00/00/wKiAgFlKj4KAL4LjAAGVD2i3LAI402.jpg',NULL,94,1,'2017-09-28 15:16:59','2017-12-08 15:17:55','SYSTEM','SYSTEM',NULL,'N'),(7,'喜悦瑜伽',NULL,'http://192.168.128.128/group1/M00/00/00/wKiAgFlNI8eACYbCAAGaUioeBjg175.jpg',NULL,93,1,'2017-09-28 15:17:03','2017-12-08 15:17:55','SYSTEM','SYSTEM',NULL,'N'),(8,'皮尔（pieryoga）',NULL,'http://192.168.128.128/group1/M00/00/00/wKiAgFlNI8eACYbCAAGaUioeBjg175.jpg',NULL,92,1,'2017-09-28 15:16:59','2017-12-08 15:17:55','SYSTEM','SYSTEM',NULL,'N'),(9,'路伊梵（LEFAN）','test','http://192.168.128.128/group1/M00/00/03/wKiAgFoz9i-AY5DDAABmBOoEMPs951.jpg',NULL,52,1,'2017-06-25 16:37:08','2017-12-15 16:36:00','SYSTEM','SYSTEM',NULL,'N'),(10,'金啦啦',NULL,'http://192.168.128.128/group1/M00/00/00/wKiAgFlNI8eACYbCAAGaUioeBjg175.jpg',NULL,90,0,'2017-09-28 15:17:00','2017-06-25 16:37:08','SYSTEM','SYSTEM',NULL,'N'),(11,'来尔瑜伽（LaiErYoGA）','','http://192.168.128.128/group1/M00/00/03/wKiAgFoz9nqAamksAAf-DgAdBoA240.jpg',NULL,89,1,'2017-09-28 15:17:02','2017-12-15 16:37:20','SYSTEM','SYSTEM',NULL,'N'),(12,'艾米达（aimida）','看看成功了没','http://192.168.128.128/group1/M00/00/03/wKiAgFovsVaAYnRgAAeK4T-F2es276.jpg',NULL,88,1,'2017-09-28 15:17:00','2017-12-12 10:37:29','SYSTEM','SYSTEM',NULL,'N'),(13,'斯泊恩',NULL,'http://192.168.128.128/group1/M00/00/00/wKiAgFlNI8eACYbCAAGaUioeBjg175.jpg',NULL,87,1,'2017-06-25 16:37:08','2017-12-08 15:17:55','SYSTEM','SYSTEM',NULL,'N'),(14,'康愫雅KSUA',NULL,'http://192.168.128.128/group1/M00/00/00/wKiAgFlNI8eACYbCAAGaUioeBjg175.jpg',NULL,86,1,'2017-09-28 15:17:01','2017-12-08 15:17:55','SYSTEM','SYSTEM',NULL,'N'),(15,'格宁','格宁,高品质','http://192.168.128.128/group1/M00/00/01/wKiAgFlfa9yAWlc1AAFQbvd95Do709.jpg',NULL,85,1,'2017-09-28 15:17:07','2017-12-08 15:18:00','SYSTEM','SYSTEM',NULL,'N'),(16,'E奈尔（Enaier）',NULL,'http://192.168.128.128/group1/M00/00/00/wKiAgFlNI8eACYbCAAGaUioeBjg175.jpg',NULL,84,1,'2017-09-28 15:17:13','2017-12-11 17:02:10','SYSTEM','SYSTEM',NULL,'N'),(17,'哈他','','http://192.168.128.128/group1/M00/00/03/wKiAgFovsaqAFFFXAAfHeiLAobc051.jpg',NULL,83,1,'2017-09-28 15:17:08','2017-12-12 10:38:38','SYSTEM','SYSTEM',NULL,'N'),(18,'伽美斯（Jamars）',NULL,'http://192.168.128.128/group1/M00/00/00/wKiAgFlNI8eACYbCAAGaUioeBjg175.jpg',NULL,82,1,'2017-09-28 15:17:10','2017-12-08 15:18:00','SYSTEM','SYSTEM',NULL,'N'),(19,'瑜伽树（yogatree）','瑜伽树，健康你我他','http://192.168.128.128/group1/M00/00/03/wKiAgFovuDGAQ_86AAPQa4ot1Ss976.jpg',NULL,81,1,'2017-09-28 15:17:09','2017-12-12 16:20:14','SYSTEM','SYSTEM',NULL,'N'),(20,'兰博伊人（lanboyiren）',NULL,'http://192.168.128.128/group1/M00/00/00/wKiAgFlNI8eACYbCAAGaUioeBjg175.jpg',NULL,80,1,'2017-09-28 15:17:09','2017-12-08 15:18:00','SYSTEM','SYSTEM',NULL,'N'),(22,'莫代尔','潮流假期瑜伽服女装','http://192.168.128.128/group1/M00/00/03/wKiAgFoupi6Aai3oAAGbQH14T0A335.jpg',NULL,2,1,'2017-12-11 16:55:43','2017-12-11 16:55:43','SYSTEM','SYSTEM',NULL,'N'),(23,'弥雅','弥雅瑜伽服女专注30年','http://192.168.128.128/group1/M00/00/03/wKiAgFouqkaAAQ_nAAFCHaUKkJs495.jpg',NULL,23,1,'2017-12-11 17:01:43','2017-12-11 17:01:43','SYSTEM','SYSTEM',NULL,'N'),(28,'智朴（Zhipu）','瑜伽服健身服运动套装专卖','http://192.168.128.128/group1/M00/00/03/wKiAgFouxWiAINMsAAf-DgAdBoA491.jpg',NULL,56,1,'2017-12-11 18:57:22','2018-01-11 10:57:36','SYSTEM','SYSTEM',NULL,'N'),(29,'测试品牌','test brand','http://192.168.128.128/group1/M00/00/03/wKiAgFov-mqAGHoWAABmBOoEMPs986.jpg',NULL,333,1,'2017-12-12 16:07:02','2017-12-12 16:20:23','SYSTEM','SYSTEM',NULL,'Y');

/*Table structure for table `cy_buyer` */

DROP TABLE IF EXISTS `cy_buyer`;

CREATE TABLE `cy_buyer` (
  `id` bigint(20) NOT NULL COMMENT '主键',
  `username` varchar(24) DEFAULT NULL COMMENT '用户名',
  `password` varchar(64) DEFAULT NULL COMMENT '密码',
  `gender` tinyint(4) DEFAULT NULL COMMENT '性别',
  `email` varchar(32) DEFAULT NULL COMMENT '邮箱',
  `real_name` varchar(24) DEFAULT NULL COMMENT '真实名字',
  `register_time` datetime DEFAULT NULL COMMENT '注册时间',
  `province` varchar(24) DEFAULT NULL COMMENT '省ID',
  `city` varchar(24) DEFAULT NULL COMMENT '市ID',
  `town` varchar(24) DEFAULT NULL COMMENT '县ID',
  `addr` varchar(128) DEFAULT NULL COMMENT '地址',
  `creator` varchar(24) DEFAULT 'SYSTEM' COMMENT '创建者',
  `modifier` varchar(24) DEFAULT 'SYSTEM' COMMENT '修改者',
  `create_time` datetime DEFAULT NULL COMMENT '创建时间',
  `update_time` datetime DEFAULT NULL COMMENT '修改时间',
  `extra_info` varchar(128) DEFAULT NULL COMMENT '扩展字段',
  `is_deleted` char(1) DEFAULT 'N' COMMENT '是否删除（Y：是，N：否）',
  PRIMARY KEY (`id`)
) ENGINE=InnoDB DEFAULT CHARSET=utf8 COMMENT='用户';

/*Data for the table `cy_buyer` */

insert  into `cy_buyer`(`id`,`username`,`password`,`gender`,`email`,`real_name`,`register_time`,`province`,`city`,`town`,`addr`,`creator`,`modifier`,`create_time`,`update_time`,`extra_info`,`is_deleted`) values (1,'yong.cao','e10adc3949ba59abbe56e057f20f883e',1,'yong.cao@kxtx.cn','曹勇','2017-07-16 16:00:03','43','11','21','湖南祁阳大忠桥','SYSTEM','SYSTEM','2017-07-16 16:00:03','2017-07-16 16:00:03','2017-07-16 16:00:03','N');

/*Table structure for table `cy_color` */

DROP TABLE IF EXISTS `cy_color`;

CREATE TABLE `cy_color` (
  `id` bigint(20) NOT NULL COMMENT '主键',
  `name` varchar(24) DEFAULT NULL COMMENT '名称',
  `parent_id` int(11) DEFAULT NULL COMMENT '父ID为色系',
  `img_url` varchar(512) DEFAULT NULL COMMENT '颜色对应的衣服小图',
  `create_time` datetime NOT NULL COMMENT '创建时间',
  `update_time` datetime NOT NULL COMMENT '修改时间',
  `creator` varchar(10) NOT NULL DEFAULT 'SYSTEM' COMMENT '创建者',
  `modifier` varchar(10) NOT NULL DEFAULT 'SYSTEM' COMMENT '修改者',
  `extra_info` varchar(128) DEFAULT NULL COMMENT '扩展字段',
  `is_deleted` char(1) NOT NULL DEFAULT 'N' COMMENT '是否删除（Y：是，N：否）',
  PRIMARY KEY (`id`)
) ENGINE=InnoDB DEFAULT CHARSET=utf8 COMMENT='颜色';

/*Data for the table `cy_color` */

insert  into `cy_color`(`id`,`name`,`parent_id`,`img_url`,`create_time`,`update_time`,`creator`,`modifier`,`extra_info`,`is_deleted`) values (1,'红色系',0,NULL,'2017-06-25 17:35:17','2017-06-25 17:35:17','SYSTEM','SYSTEM',NULL,'N'),(2,'绿色系',0,NULL,'2017-06-25 17:36:02','2017-06-25 17:36:02','SYSTEM','SYSTEM',NULL,'N'),(3,'蓝色系',0,NULL,'2017-06-25 17:36:57','2017-06-25 17:36:57','SYSTEM','SYSTEM',NULL,'N'),(4,'黑色系',0,NULL,'2017-06-25 17:37:24','2017-06-25 17:37:24','SYSTEM','SYSTEM',NULL,'N'),(5,'粉色系',0,NULL,'2017-06-25 17:37:50','2017-06-25 17:37:50','SYSTEM','SYSTEM',NULL,'N'),(6,'紫色系',0,NULL,'2017-06-25 17:38:10','2017-06-25 17:38:10','SYSTEM','SYSTEM',NULL,'N'),(7,'灰色系',0,NULL,'2017-06-25 17:38:30','2017-06-25 17:38:30','SYSTEM','SYSTEM',NULL,'N'),(8,'其它',0,NULL,'2017-06-25 17:38:48','2017-06-25 17:38:48','SYSTEM','SYSTEM',NULL,'N'),(9,'西瓜红',1,NULL,'2017-06-25 17:39:20','2017-06-25 17:39:20','SYSTEM','SYSTEM',NULL,'N'),(10,'大红',1,NULL,'2017-06-25 17:39:35','2017-06-25 17:39:35','SYSTEM','SYSTEM',NULL,'N'),(11,'墨绿',2,NULL,'2017-06-25 17:40:09','2017-06-25 17:40:09','SYSTEM','SYSTEM',NULL,'N'),(12,'草绿',2,NULL,'2017-06-25 17:40:25','2017-06-25 17:40:25','SYSTEM','SYSTEM',NULL,'N'),(13,'青绿',2,NULL,'2017-06-25 17:40:45','2017-06-25 17:40:45','SYSTEM','SYSTEM',NULL,'N'),(14,'海军蓝',3,NULL,'2017-06-25 17:41:52','2017-06-25 17:41:52','SYSTEM','SYSTEM',NULL,'N'),(15,'海军白蓝条',14,NULL,'2017-06-25 17:42:20','2017-06-25 17:42:20','SYSTEM','SYSTEM',NULL,'N'),(16,'紫黑',4,NULL,'2017-06-25 17:42:49','2017-06-25 17:42:49','SYSTEM','SYSTEM',NULL,'N'),(17,'纯黑',4,NULL,'2017-06-25 17:43:19','2017-06-25 17:43:19','SYSTEM','SYSTEM',NULL,'N'),(18,'浅粉',5,NULL,'2017-06-25 17:44:27','2017-06-25 17:44:27','SYSTEM','SYSTEM',NULL,'N'),(19,'浅紫',6,NULL,'2017-06-25 17:45:11','2017-06-25 17:45:11','SYSTEM','SYSTEM',NULL,'N'),(20,'浅灰',7,NULL,'2017-06-25 17:45:45','2017-06-25 17:45:45','SYSTEM','SYSTEM',NULL,'N'),(21,'均色',8,NULL,'2017-06-25 17:46:10','2017-06-25 17:46:10','SYSTEM','SYSTEM',NULL,'N'),(22,'桃粉',5,NULL,'2017-06-25 17:47:15','2017-06-25 17:47:15','SYSTEM','SYSTEM',NULL,'N'),(23,'深紫',6,NULL,'2017-06-25 17:48:02','2017-06-25 17:48:02','SYSTEM','SYSTEM',NULL,'N'),(24,'浅蓝',3,NULL,'2017-06-25 17:48:51','2017-06-25 17:48:51','SYSTEM','SYSTEM',NULL,'N'),(25,'深蓝',3,NULL,'2017-06-25 17:49:20','2017-06-25 17:49:20','SYSTEM','SYSTEM',NULL,'N');

/*Table structure for table `cy_detail` */

DROP TABLE IF EXISTS `cy_detail`;

CREATE TABLE `cy_detail` (
  `id` bigint(20) NOT NULL AUTO_INCREMENT COMMENT 'ID',
  `order_id` bigint(20) DEFAULT NULL COMMENT '订单ID',
  `product_id` bigint(20) DEFAULT NULL COMMENT '商品编号',
  `product_name` varchar(128) DEFAULT NULL COMMENT '商品名称',
  `color` varchar(24) DEFAULT NULL COMMENT '颜色名称',
  `size` varchar(24) DEFAULT NULL COMMENT '尺码',
  `price` varchar(64) DEFAULT NULL COMMENT '商品销售价',
  `amount` int(11) DEFAULT NULL COMMENT '购买数量',
  `creator` varchar(24) DEFAULT 'SYSTEM' COMMENT '创建者',
  `modifier` varchar(24) DEFAULT 'SYSTEM' COMMENT '修改者',
  `create_time` datetime DEFAULT NULL COMMENT '创建时间',
  `update_time` datetime DEFAULT NULL COMMENT '修改时间',
  `extra_info` varchar(128) DEFAULT NULL COMMENT '扩展字段',
  `is_deleted` char(1) DEFAULT 'N' COMMENT '是否删除（Y：是，N：否）',
  PRIMARY KEY (`id`)
) ENGINE=InnoDB AUTO_INCREMENT=9 DEFAULT CHARSET=utf8 COMMENT='订单详情';

/*Data for the table `cy_detail` */

insert  into `cy_detail`(`id`,`order_id`,`product_id`,`product_name`,`color`,`size`,`price`,`amount`,`creator`,`modifier`,`create_time`,`update_time`,`extra_info`,`is_deleted`) values (1,1,NULL,'2017凯萱丝 春夏新款瑜伽服套装女短袖上衣运动文胸背心跑步服健身服 女瑜伽服四件套Y081 黑灰四件套 L','青绿','M','49.09',3,'SYSTEM','SYSTEM',NULL,NULL,NULL,'N'),(2,1,NULL,'2017中国红裂尚瑜伽服套装女夏季健身服三件套显瘦健身房跑步瑜珈运动舞蹈服','西瓜红','S','88.00',199,'SYSTEM','SYSTEM',NULL,NULL,NULL,'N'),(3,1,NULL,'2017易来易趣瑜伽服健身服女士三件套跑步运动套装速干短袖短裤防震运动文胸夏装修身显瘦广场舞蹈服 玫红三件套 L','西瓜红','S','98.35',5,'SYSTEM','SYSTEM',NULL,NULL,NULL,'N'),(4,1,NULL,'2017中国红裂尚瑜伽服套装女夏季健身服三件套显瘦健身房跑步瑜珈运动舞蹈服','西瓜红','XXL','76.00',3,'SYSTEM','SYSTEM',NULL,NULL,NULL,'N'),(5,2,NULL,'2017瑜伽服女套装夏季四件套运动套装女夏速干显瘦跑步服健身服女套装 浅紫四件套 L','西瓜红','S','56.78',1,'SYSTEM','SYSTEM',NULL,NULL,NULL,'N'),(6,3,NULL,'2017中国红裂尚瑜伽服套装女夏季健身服三件套显瘦健身房跑步瑜珈运动舞蹈服','西瓜红','S','88.00',1,'SYSTEM','SYSTEM',NULL,NULL,NULL,'N'),(7,4,NULL,'2017中国红裂尚瑜伽服套装女夏季健身服三件套显瘦健身房跑步瑜珈运动舞蹈服','西瓜红','S','88.00',1,'SYSTEM','SYSTEM',NULL,NULL,NULL,'N'),(8,5,NULL,'2017瑜伽服健身服女两件套装春夏季时尚修身显瘦速干跑步训练舞蹈服运动短衣裤 蓝色+短裤 L','大红','XL','65.09',1,'SYSTEM','SYSTEM',NULL,NULL,NULL,'N');

/*Table structure for table `cy_menu` */

DROP TABLE IF EXISTS `cy_menu`;

CREATE TABLE `cy_menu` (
  `id` varchar(128) NOT NULL COMMENT '主键',
  `parent_id` varchar(256) DEFAULT NULL COMMENT '父ID',
  `name` varchar(256) DEFAULT NULL COMMENT '名称',
  `sort` int(11) DEFAULT NULL COMMENT '排序',
  `href` varchar(1024) DEFAULT NULL COMMENT '链接',
  `icon` varchar(128) DEFAULT NULL COMMENT '图标',
  `is_show` int(1) DEFAULT NULL COMMENT '是否展示（0：不展示，1：展示）',
  `permission` varchar(256) DEFAULT NULL COMMENT '权限',
  `remarks` varchar(512) DEFAULT NULL COMMENT '备注',
  `create_time` datetime DEFAULT NULL COMMENT '创建时间',
  `update_time` datetime DEFAULT NULL COMMENT '修改时间',
  `creator` varchar(10) DEFAULT 'SYSTEM' COMMENT '创建者',
  `modifier` varchar(10) DEFAULT 'SYSTEM' COMMENT '修改者',
  `extra_info` varchar(128) DEFAULT NULL COMMENT '扩展字段',
  `is_deleted` char(1) DEFAULT 'N' COMMENT '是否删除（Y:是，N:否）',
  PRIMARY KEY (`id`)
) ENGINE=InnoDB DEFAULT CHARSET=utf8 COMMENT='菜单';

/*Data for the table `cy_menu` */

insert  into `cy_menu`(`id`,`parent_id`,`name`,`sort`,`href`,`icon`,`is_show`,`permission`,`remarks`,`create_time`,`update_time`,`creator`,`modifier`,`extra_info`,`is_deleted`) values ('0cbcb46c40384548989d5ce39d8d01fb','1','资源',4,'','fa-linode',1,'','','2017-10-26 15:13:25','2017-11-02 12:41:32','SYSTEM','SYSTEM',NULL,'N'),('1','0','功能菜单',0,' ','',1,'','','2017-10-26 15:13:25','2017-10-31 16:50:44','SYSTEM','SYSTEM',NULL,'N'),('16e199f3fb3b429dac208e8a9374a09f','1','支付',3,'','fa-credit-card',1,'','','2017-10-26 15:13:25','2017-11-01 11:43:03','SYSTEM','SYSTEM',NULL,'N'),('17d1c3e794044b0cb820dff649a3df6b','59a765c005984368a5482fd0859e05b0','辅助',3,'','',1,'','','2017-11-02 11:51:53','2017-11-02 11:51:53','SYSTEM','SYSTEM',NULL,'N'),('27','2cf5f58ce373474e886a3058060dec2b','用户管理',3,'/user/userList.do','',1,'','','2017-10-26 15:13:25','2017-11-16 16:04:36','SYSTEM','SYSTEM',NULL,'N'),('28','2cf5f58ce373474e886a3058060dec2b','菜单管理',1,'/menu/menuList.do','',1,'','','2017-10-26 15:13:25','2017-11-01 11:43:25','SYSTEM','SYSTEM',NULL,'N'),('29','2cf5f58ce373474e886a3058060dec2b','角色管理',2,'/role/roleList.do','',1,'','','2017-10-26 15:13:25','2017-11-03 17:43:42','SYSTEM','SYSTEM',NULL,'N'),('2cf5f58ce373474e886a3058060dec2b','1','基础管理',6,'','fa-cogs',1,'','','2017-10-26 15:13:25','2017-11-01 11:43:18','SYSTEM','SYSTEM',NULL,'N'),('59a765c005984368a5482fd0859e05b0','1','配置',7,'','fa-laptop',1,'','','2017-11-02 11:45:08','2017-11-02 11:45:08','SYSTEM','SYSTEM',NULL,'N'),('8a403ad9f0d049eb8e9e3c6893038443','59a765c005984368a5482fd0859e05b0','生成',1,'','',1,'','','2017-11-02 11:49:51','2017-11-02 11:49:51','SYSTEM','SYSTEM',NULL,'N'),('963706382fac4298bbfb8782bc4f3e00','1','商品',1,'','fa-th',1,'','','2017-10-26 15:13:25','2017-11-03 16:47:26','SYSTEM','SYSTEM',NULL,'N'),('9ceb4f5d42e144f5948614e9a4b7e82f','963706382fac4298bbfb8782bc4f3e00','品牌管理',2,'/brand/brandList.do','',1,'','','2017-12-07 16:07:41','2017-12-07 16:07:41','SYSTEM','SYSTEM',NULL,'N'),('c88cdceedb1b4cae939c43a89b9c05aa','1','订单',2,'','fa-meetup',1,'','','2017-10-26 15:13:25','2017-10-31 17:44:52','SYSTEM','SYSTEM',NULL,'N'),('e37cc89995584921910220d6a7d61c56','1','统计',5,'','fa-bar-chart-o',1,'','','2017-10-26 15:13:25','2017-11-02 12:41:42','SYSTEM','SYSTEM',NULL,'N'),('e6dfff0f201847b98c0b1642588d7f5d','963706382fac4298bbfb8782bc4f3e00','商品管理',1,'/product/productList.do','',1,'','','2017-11-21 17:08:44','2017-11-22 10:00:53','SYSTEM','SYSTEM',NULL,'N'),('f212297747934d10bfbc49137099bd61','59a765c005984368a5482fd0859e05b0','维护',2,'','',1,'','','2017-11-02 11:50:29','2017-11-02 11:50:29','SYSTEM','SYSTEM',NULL,'N');

/*Table structure for table `cy_order` */

DROP TABLE IF EXISTS `cy_order`;

CREATE TABLE `cy_order` (
  `id` bigint(20) NOT NULL COMMENT 'ID或订单号',
  `deliver_fee` varchar(64) DEFAULT NULL COMMENT '运费',
  `total_price` varchar(64) DEFAULT NULL COMMENT '应付金额',
  `order_price` varchar(64) DEFAULT NULL COMMENT '订单金额',
  `payment_way` tinyint(4) DEFAULT NULL COMMENT '支付方式 0:到付 1:在线 2:邮局 3:公司转帐',
  `payment_cash` tinyint(4) DEFAULT NULL COMMENT '货到付款方式.1现金,2POS刷卡',
  `delivery` int(11) DEFAULT NULL COMMENT '配送方式',
  `is_confirm` tinyint(1) DEFAULT NULL COMMENT '是否电话确认 1:是  0: 否',
  `payment_state` tinyint(4) DEFAULT NULL COMMENT '支付状态 :0到付1待付款,2已付款,3待退款,4退款成功,5退款失败',
  `order_state` tinyint(4) DEFAULT NULL COMMENT '订单状态 0:提交订单 1:仓库配货 2:商品出库 3:等待收货 4:完成 5待退货 6已退货',
  `order_create_date` datetime DEFAULT NULL COMMENT '订单生成时间',
  `note` varchar(128) DEFAULT NULL COMMENT '附言',
  `buyer_id` bigint(20) DEFAULT NULL COMMENT '用户ID',
  `creator` varchar(24) DEFAULT 'SYSTEM' COMMENT '创建者',
  `modifier` varchar(24) DEFAULT 'SYSTEM' COMMENT '修改者',
  `create_time` datetime DEFAULT NULL COMMENT '创建时间',
  `update_time` datetime DEFAULT NULL COMMENT '修改时间',
  `extra_info` varchar(128) DEFAULT NULL COMMENT '扩展字段',
  `is_deleted` char(1) DEFAULT 'N' COMMENT '是否删除（Y：是，N：否）',
  PRIMARY KEY (`id`)
) ENGINE=InnoDB DEFAULT CHARSET=utf8 COMMENT='订单';

/*Data for the table `cy_order` */

insert  into `cy_order`(`id`,`deliver_fee`,`total_price`,`order_price`,`payment_way`,`payment_cash`,`delivery`,`is_confirm`,`payment_state`,`order_state`,`order_create_date`,`note`,`buyer_id`,`creator`,`modifier`,`create_time`,`update_time`,`extra_info`,`is_deleted`) values (1,'0.00','18379.02','18379.02',1,1,NULL,NULL,0,0,'2017-07-23 21:51:53',NULL,1,'SYSTEM','SYSTEM','2017-07-23 21:51:53','2017-07-23 21:51:53',NULL,'N'),(2,'10.00','66.78','56.78',1,1,NULL,NULL,0,0,'2017-07-23 22:00:28',NULL,1,'SYSTEM','SYSTEM','2017-07-23 22:00:28','2017-07-23 22:00:28',NULL,'N'),(3,'0.00','88.00','88.00',1,1,NULL,NULL,0,0,'2017-07-23 22:11:58',NULL,1,'SYSTEM','SYSTEM','2017-07-23 22:11:58','2017-07-23 22:11:58',NULL,'N'),(4,'0.00','88.00','88.00',1,1,NULL,NULL,0,0,'2017-07-23 22:12:30','为什么呀',1,'SYSTEM','SYSTEM','2017-07-23 22:12:30','2017-07-23 22:12:30',NULL,'N'),(5,'10.00','75.09','65.09',1,1,NULL,NULL,0,0,'2017-07-23 22:13:49','分析中文乱码原因',1,'SYSTEM','SYSTEM','2017-07-23 22:13:49','2017-07-23 22:13:49',NULL,'N');

/*Table structure for table `cy_product` */

DROP TABLE IF EXISTS `cy_product`;

CREATE TABLE `cy_product` (
  `id` bigint(20) NOT NULL AUTO_INCREMENT COMMENT 'ID或商品编号',
  `brand_id` bigint(20) DEFAULT NULL COMMENT '品牌ID',
  `name` varchar(64) DEFAULT NULL COMMENT '商品名称',
  `weight` varchar(64) DEFAULT NULL COMMENT '重量 单位:克',
  `is_new` tinyint(1) DEFAULT '0' COMMENT '是否新品:0:旧品,1:新品',
  `is_hot` tinyint(1) DEFAULT '0' COMMENT '是否热销:0,否 1:是',
  `is_commend` tinyint(1) DEFAULT '0' COMMENT '推荐 1推荐 0 不推荐',
  `is_show` tinyint(1) DEFAULT NULL COMMENT '上下架:0否 1是',
  `img_url` varchar(1024) DEFAULT NULL COMMENT '商品图片集  img,img1,',
  `description` varchar(512) DEFAULT NULL COMMENT '商品描述',
  `package_list` varchar(512) DEFAULT NULL COMMENT '包装清单',
  `colors` varchar(512) DEFAULT NULL COMMENT '颜色集',
  `sizes` varchar(512) DEFAULT NULL COMMENT '尺寸集',
  `creator` varchar(24) DEFAULT 'SYSTEM' COMMENT '创建者',
  `modifier` varchar(24) DEFAULT 'SYSTEM' COMMENT '修改者',
  `create_time` datetime DEFAULT NULL COMMENT '创建时间',
  `update_time` datetime DEFAULT NULL COMMENT '修改时间',
  `extra_info` varchar(128) DEFAULT NULL COMMENT '扩展字段',
  `is_deleted` char(1) DEFAULT 'N' COMMENT '是否删除（Y：是，N：否）',
  PRIMARY KEY (`id`)
) ENGINE=InnoDB AUTO_INCREMENT=1020 DEFAULT CHARSET=utf8 COMMENT='商品';

/*Data for the table `cy_product` */

insert  into `cy_product`(`id`,`brand_id`,`name`,`weight`,`is_new`,`is_hot`,`is_commend`,`is_show`,`img_url`,`description`,`package_list`,`colors`,`sizes`,`creator`,`modifier`,`create_time`,`update_time`,`extra_info`,`is_deleted`) values (1,11111,'test','1',1,1,1,1,'http://192.168.128.128/group1/M00/00/00/wKiAgFlVIveAAnajAAAIUYMv6ZM393.jpg,http://192.168.128.128/group1/M00/00/00/wKiAgFlVIveADCljAAAIm8yzLwM555.jpg,http://192.168.128.128/group1/M00/00/00/wKiAgFlVIveAOUHmAAAHnbsfCZk605.jpg,http://192.168.128.128/group1/M00/00/00/wKiAgFlVIveABKKJAAAItM1cFQ8733.jpg,http://192.168.128.128/group1/M00/00/00/wKiAgFlVIveAFRSWAAAInaZAoSk925.jpg','test','test','test','test','SYSTEM','SYSTEM',NULL,'2017-12-01 10:43:48',NULL,'Y'),(2,22222,'testing','2',1,1,1,1,'http://192.168.128.128/group1/M00/00/00/wKiAgFlVIveAAnajAAAIUYMv6ZM393.jpg,http://192.168.128.128/group1/M00/00/00/wKiAgFlVIveADCljAAAIm8yzLwM555.jpg,http://192.168.128.128/group1/M00/00/00/wKiAgFlVIveAOUHmAAAHnbsfCZk605.jpg,http://192.168.128.128/group1/M00/00/00/wKiAgFlVIveABKKJAAAItM1cFQ8733.jpg,http://192.168.128.128/group1/M00/00/00/wKiAgFlVIveAFRSWAAAInaZAoSk925.jpg','testing','testing','testing','testing','SYSTEM','SYSTEM',NULL,'2017-12-01 10:43:48',NULL,'Y'),(3,3,'2017潮流假期瑜伽服健身服女士三件套四件套跑步运动套装女春秋宽松健身房速干上衣套装 粉红色-短袖四件套 M','0.6',1,1,1,1,'http://192.168.128.128/group1/M00/00/00/wKiAgFlVIveAAnajAAAIUYMv6ZM393.jpg,http://192.168.128.128/group1/M00/00/00/wKiAgFlVIveADCljAAAIm8yzLwM555.jpg,http://192.168.128.128/group1/M00/00/00/wKiAgFlVIveAOUHmAAAHnbsfCZk605.jpg,http://192.168.128.128/group1/M00/00/00/wKiAgFlVIveABKKJAAAItM1cFQ8733.jpg,http://192.168.128.128/group1/M00/00/00/wKiAgFlVIveAFRSWAAAInaZAoSk925.jpg','<img src=\"http://192.168.128.128/group1/M00/00/00/wKiAgFlVIwuAb6LsAAQZThCyCH8136.jpg\" alt=\"\" />','衣服*1，裤子*1','9,10,12,14,16,23,25','S,M,L,XL,XXL','SYSTEM','SYSTEM','2017-06-29 23:55:59','2017-12-01 11:22:05',NULL,'Y'),(4,15,'格宁 瑜伽服套装女2017秋冬健身服专业跑步速干长袖长裤宽松运动瑜珈服 N7020深花蓝+N7102黑 M','0.6',1,1,1,0,'http://192.168.128.128/group1/M00/00/02/wKiAgFoeQ0yAKwrNAAR0XAYeWqA787.jpg,http://192.168.128.128/group1/M00/00/02/wKiAgFoeQ2yAAOCwAAiW5IG7c5Q254.jpg,http://192.168.128.128/group1/M00/00/02/wKiAgFoeQ3eAX1g3AAPQa4ot1Ss737.jpg','<p>\r\n	<img src=\"http://192.168.128.128/group1/M00/00/02/wKiAgFoeQ5qAYDNaAANzz3OJGMg379.jpg\" alt=\"\" />\r\n</p>\r\n<p>\r\n	<img src=\"http://192.168.128.128/group1/M00/00/02/wKiAgFoeQ7qAQWbdAAWzwky59oY139.jpg\" alt=\"\" />\r\n</p>','衣服*1，裤子*1','9,10,11,14,15','S,M,L,XL','SYSTEM','SYSTEM','2017-11-30 09:53:42','2017-12-01 10:43:57',NULL,'Y'),(5,NULL,'测试参数','0.6',1,1,1,0,'http://192.168.128.128/group1/M00/00/02/wKiAgFoeSSeAVkkBAAB_mPGiFzA391.jpg,http://192.168.128.128/group1/M00/00/02/wKiAgFoeSSuAIh3-AABmBOoEMPs761.jpg','<img src=\"http://192.168.128.128/group1/M00/00/02/wKiAgFoeSTSAU1jxAABhfJbl-kc761.jpg\" alt=\"\" />','很多的东西呀','9,10,11','S,M,L,XL,XXL','SYSTEM','SYSTEM','2017-11-30 10:18:22','2017-12-01 10:42:54',NULL,'Y'),(6,13,'斯泊恩 秋季瑜伽服女套装三件套装运动健身服紧身显瘦跑步舞蹈服 【暗粉黑】三件套 L','0.8',1,1,1,1,'http://192.168.128.128/group1/M00/00/03/wKiAgFoenumAKrMwAAVfWw3R8VY405.jpg,http://192.168.128.128/group1/M00/00/03/wKiAgFoenw2AJR-RAAckeCPn7pI651.jpg,http://192.168.128.128/group1/M00/00/03/wKiAgFoenzqABUj1AAeK4T-F2es293.jpg','<img src=\"http://192.168.128.128/group1/M00/00/03/wKiAgFoen7mABxsLAAfHeiLAobc673.jpg\">','瑜伽服＊1套','9,10,11,12,13','S,M,L,XL,XLL','SYSTEM','SYSTEM','2017-11-30 16:28:28','2017-12-04 11:39:31',NULL,'Y'),(1001,5,'测试数据生成商品id','0.6',0,0,1,1,'http://192.168.128.128/group1/M00/00/00/wKiAgFlWhr6AKi1SAAFaL_xdW_s782.jpg','<img src=\"http://192.168.128.128/group1/M00/00/00/wKiAgFlWhs-AR6_2AAD-yBA5sAQ409.jpg\" alt=\"\" />','衣服*2，裤子*1','9,11,12',NULL,'SYSTEM','SYSTEM','2017-07-01 01:14:08','2017-12-04 11:44:24',NULL,'Y'),(1002,7,'2017瑜伽服女套装夏季四件套运动套装女夏速干显瘦跑步服健身服女套装 浅紫四件套 S M','0.58',0,0,0,1,'http://192.168.128.128/group1/M00/00/00/wKiAgFleWoKAPGH8AAoSuJGHvbM046.jpg,http://192.168.128.128/group1/M00/00/00/wKiAgFleWvWABhXDAAjFUMbBl2s960.jpg,http://192.168.128.128/group1/M00/00/00/wKiAgFleWyyATMzWAAgyBMVgF7s165.jpg','<img src=\"http://192.168.128.128/group1/M00/00/00/wKiAgFleWsWAKkoAAAoSuJGHvbM126.jpg\" alt=\"\">','衣服*1，裤子*2 ','9,11,18,19,22','S,M','SYSTEM','SYSTEM','2017-07-06 23:45:51','2017-12-05 17:44:55',NULL,'N'),(1003,14,'2017奥义瑜伽服 运动文胸背心女 跑步健身服内衣抹胸 白色M','0.6',0,0,0,1,'http://192.168.128.128/group1/M00/00/00/wKiAgFleXF2AUeafAAIaM24p3ZQ473.jpg,http://192.168.128.128/group1/M00/00/00/wKiAgFleXGWAGQUbAAM5-wpk-L4321.jpg,http://192.168.128.128/group1/M00/00/00/wKiAgFleXGqASNeUAAI0KQIoqmM625.jpg,http://192.168.128.128/group1/M00/00/00/wKiAgFleXHSABNZ-AANLFFVlZlo476.jpg','<img src=\"http://192.168.128.128/group1/M00/00/00/wKiAgFleXKCAI32ZAAM5-wpk-L4699.jpg\" alt=\"\" />','衣服*1，奶罩*1，三角裤*1','9,10,11,12,13,16,20,21','S,M,L,XL','SYSTEM','SYSTEM','2017-07-06 23:52:29','2017-11-30 17:59:56',NULL,'N'),(1004,17,'九舞2017春夏新款时尚瑜伽服健身服套装 含胸垫 莫代尔练功服跑步舞蹈训练服修身显瘦 浅绿银灰上衣+银灰浅绿裤子 M','0.6',0,0,0,1,'http://192.168.128.128/group1/M00/00/00/wKiAgFlebpeAKlSpAAYgloGPbfs696.jpg,http://192.168.128.128/group1/M00/00/00/wKiAgFlebuWAPzexAAqEa5P6-O0711.jpg,http://192.168.128.128/group1/M00/00/00/wKiAgFlebwqAIGrkAAaGITmejZA174.jpg,http://192.168.128.128/group1/M00/00/00/wKiAgFlebyqAUDlvAAWTl-EwKsg740.jpg,http://192.168.128.128/group1/M00/00/00/wKiAgFleb1-AHcwEAAgGkAtVNwQ767.jpg','<img src=\"http://192.168.128.128/group1/M00/00/00/wKiAgFleb72AAsmBAASBCaJ4ABA440.jpg\" alt=\"\" />','包装清单\r\n','9,10,13,15','S,L,XL','SYSTEM','SYSTEM','2017-07-08 22:27:51','2017-11-30 17:59:56',NULL,'N'),(1005,15,'【送文胸】瑜伽服健身服女套装2017春夏时尚锦纶三件套修身显瘦速干跑步训练舞蹈服 A8021黑色+B6021灰色 M','0.6',0,0,0,1,'http://192.168.128.128/group1/M00/00/00/wKiAgFlecFGAJrl4AAO2my1b4ug910.jpg,http://192.168.128.128/group1/M00/00/00/wKiAgFlecF2AVM6UAANVQEsW524219.jpg,http://192.168.128.128/group1/M00/00/00/wKiAgFlecGqAHCj0AANHWQOWdlo054.jpg,http://192.168.128.128/group1/M00/00/00/wKiAgFlecG-ADracAAFBOtEo0E8060.jpg','<img src=\"http://192.168.128.128/group1/M00/00/00/wKiAgFlecImAGXlrAALFbHjqLAI982.jpg\" alt=\"\" />','包装清单','9,10,11,12,15','S,M,L,XL,XXL','SYSTEM','SYSTEM','2017-07-08 22:31:17','2017-11-30 17:59:56',NULL,'N'),(1006,4,'2017依琦莲春夏瑜伽服三件套装修身显瘦女健身服家居服广场舞瑜珈服送胸垫团购定制韩版大码 11009短袖粉色 L','0.6',0,0,0,1,'http://192.168.128.128/group1/M00/00/00/wKiAgFlecWCAe7s8AAHFNBJfoRc922.jpg,http://192.168.128.128/group1/M00/00/00/wKiAgFlecWOAP1Z7AAE_o9E_7W8884.jpg','<img src=\"http://192.168.128.128/group1/M00/00/00/wKiAgFlecXiAXW2AAAO6jwyaPSs872.jpg\" alt=\"\" />','上衣*1 裤子*1 抹胸*1 包装*1','9,10,11,12','S,L,XL','SYSTEM','SYSTEM','2017-07-08 22:35:05','2017-11-30 17:59:56',NULL,'N'),(1007,13,'2017易来易趣瑜伽服健身服女士三件套跑步运动套装速干短袖短裤防震运动文胸夏装修身显瘦广场舞蹈服 玫红三件套 L','0.6',0,0,0,1,'http://192.168.128.128/group1/M00/00/00/wKiAgFlecheASa_6AAQ7IsZ1oYs773.jpg,http://192.168.128.128/group1/M00/00/00/wKiAgFlecm2AAkkRAAlcvl3xl58108.jpg,http://192.168.128.128/group1/M00/00/00/wKiAgFlecrKAXwpXAAkJPd7Bm6w987.jpg','<img src=\"http://192.168.128.128/group1/M00/00/00/wKiAgFlechyAALhoAAER2YjGsa8963.jpg\" alt=\"\" />','','9,10,11,12,13','S,M,L','SYSTEM','SYSTEM','2017-07-08 22:40:04','2017-11-30 18:00:04',NULL,'N'),(1008,5,'2017菩媞瑜伽服女套装春夏短袖速干衣速干服运动裤健身服跑步瑜珈服 k1077桔+k3072灰 XL','0.6',0,0,0,1,'http://192.168.128.128/group1/M00/00/00/wKiAgFledM6AK-RFAAOPWLlj4CE784.jpg,http://192.168.128.128/group1/M00/00/00/wKiAgFledNaAEySqAAJoElX83Rc138.jpg,http://192.168.128.128/group1/M00/00/00/wKiAgFledOOACV_yAAPsoywvWu0711.jpg','<img src=\"http://192.168.128.128/group1/M00/00/00/wKiAgFledg-AZz7EAAX4Tb-LGq0873.jpg\" alt=\"\" />','','9,10,12,13,15','S,M,L,XL,XXL','SYSTEM','SYSTEM','2017-07-08 22:54:38','2017-11-30 18:00:04',NULL,'N'),(1009,8,'2017瑜伽服健身服女两件套装春夏季时尚修身显瘦速干跑步训练舞蹈服运动短衣裤 蓝色+短裤 L','0.6',0,0,0,1,'http://192.168.128.128/group1/M00/00/00/wKiAgFledriACieGAAMxuxoPeDE513.jpg,http://192.168.128.128/group1/M00/00/00/wKiAgFledsWAekaUAAN-3p1nJAE931.jpg,http://192.168.128.128/group1/M00/00/00/wKiAgFleduyAZNNaAAPkE7gIOA0973.jpg','<img src=\"http://192.168.128.128/group1/M00/00/00/wKiAgFledtqACPDoAAR_pQ8d-fc540.jpg\" alt=\"\" />','瑜伽服健身服女两件套装','9,10,11,12,13,14','S,M,L,XL,XXL','SYSTEM','SYSTEM','2017-07-08 22:58:39','2017-11-30 18:00:04',NULL,'N'),(1010,18,'2017凯萱丝 春夏新款瑜伽服套装女短袖上衣运动文胸背心跑步服健身服 女瑜伽服四件套Y081 黑灰四件套 L','0.6',0,0,0,1,'http://192.168.128.128/group1/M00/00/00/wKiAgFleeBiAIXBRAAcWmtoU2e4477.jpg,http://192.168.128.128/group1/M00/00/00/wKiAgFleeEmALL38AAKi_sTZDPg039.jpg,http://192.168.128.128/group1/M00/00/00/wKiAgFleeFOAB7ZeAAK4MK4LyBk937.jpg','<img src=\"http://192.168.128.128/group1/M00/00/00/wKiAgFleeDmABM3bAAcaU2ZIso4390.jpg\" alt=\"\" />','','9,10,13,14','M,L,XL','SYSTEM','SYSTEM','2017-07-08 23:06:44','2017-11-30 18:00:04',NULL,'N'),(1011,14,'瑜伽2017服女套装三件套高品质春夏新款户外运动套装速干显瘦女网纱健身服瑜伽服女三件套两件套 灰色三件套（短款） L','0.6',0,0,0,1,'http://192.168.128.128/group1/M00/00/00/wKiAgFleeniAKxzBAALMiTPuNrg374.jpg,http://192.168.128.128/group1/M00/00/00/wKiAgFleeoaAftz8AAPUQPIQIbs731.jpg,http://192.168.128.128/group1/M00/00/00/wKiAgFleepaAL-pNAAPXjkaRmso455.jpg','<img src=\"http://192.168.128.128/group1/M00/00/00/wKiAgFleeqaAf95kAAOcRGK-WGg022.jpg\" alt=\"\" />','','9,10,11,12','S,M,L,XL,XXL','SYSTEM','SYSTEM','2017-07-08 23:14:41','2017-11-30 18:00:04',NULL,'N'),(1013,17,'2017瑜伽服韩版瑜伽垫春夏运动背心三件套 休闲运动服健身套装跑步衣速干连帽外套长裤女 玫粉（款式一） M','0.6',0,0,0,1,'http://192.168.128.128/group1/M00/00/00/wKiAgFlefcGAG9k4AAN__cKVnL8963.jpg,http://192.168.128.128/group1/M00/00/00/wKiAgFleffmAREd8AAgt7gBF9gQ103.jpg','<img src=\"http://192.168.128.128/group1/M00/00/00/wKiAgFlefgmAeJORAALj9JmG_a4606.jpg\" alt=\"\" />','','9,10,11,12','S,M,L,XL,XXL','SYSTEM','SYSTEM','2017-07-08 23:28:37','2017-11-30 18:00:04',NULL,'N'),(1014,6,'2017瑜伽服女套装夏健身服女士运动跑步速干健身衣舞蹈服三件套装 款一白色 M','0.6',0,0,0,1,'http://192.168.128.128/group1/M00/00/00/wKiAgFlegMmABaXpAAl029tk-Cc213.jpg,http://192.168.128.128/group1/M00/00/01/wKiAgFlegRGAczMpAAS__DtcAiE664.jpg','<img src=\"http://192.168.128.128/group1/M00/00/00/wKiAgFlegPeAeYJbAAkgsDWPOnc751.jpg\" alt=\"\" />','','9,10,14','S,M,L,XL','SYSTEM','SYSTEM','2017-07-08 23:41:37','2017-11-30 18:00:04',NULL,'N'),(1015,19,'2017惠美娜瑜伽服女套装春夏三件套速干运动健身服 1703肉粉色 L','0.6',0,0,0,1,'http://192.168.128.128/group1/M00/00/01/wKiAgFlegX-AZjV0AAL7rF0JvPM992.jpg,http://192.168.128.128/group1/M00/00/01/wKiAgFlegZCAI_tlAAM-q1uWHIQ105.jpg,http://192.168.128.128/group1/M00/00/01/wKiAgFlegaGACfewAAHu72Cchic288.jpg','<img src=\"http://192.168.128.128/group1/M00/00/01/wKiAgFlegZeAP1alAALu3Ryfm0I971.jpg\" alt=\"\" />','上衣*1 裤子*1 抹胸*1 包装*1','9,10,11,13','S,L,XL','SYSTEM','SYSTEM','2017-07-08 23:44:56','2017-11-30 18:00:04',NULL,'N'),(1016,4,'2017依琦莲春夏瑜伽服三件套装修身显瘦女健身服家居服广场舞瑜珈服送胸垫团购定制韩版大码 11009八分袖灰色 M','0.6',0,0,0,1,'http://192.168.128.128/group1/M00/00/01/wKiAgFlegieAACCmAAHg-KLl-po110.jpg,http://192.168.128.128/group1/M00/00/01/wKiAgFlegjCALMC_AALF7H_UHBc717.jpg,http://192.168.128.128/group1/M00/00/01/wKiAgFlegjWAQ_-CAAG-194qEqM462.jpg','<img src=\"http://192.168.128.128/group1/M00/00/01/wKiAgFlegkiAR16jAAQP5OFdEdE935.jpg\" alt=\"\" />','上衣*1 裤子*1 抹胸*1 包装*1','9,10,11','S,L,XL,XXL','SYSTEM','SYSTEM','2017-07-08 23:48:28','2017-11-30 18:00:04',NULL,'N'),(1017,4,'瑜伽服健身服女套装2017春夏时尚锦纶修身显瘦速干跑步训练舞蹈服 短袖+抹胸+裤子3件套（粉黑） M','0.6',0,0,0,1,'http://192.168.128.128/group1/M00/00/01/wKiAgFleg22AIZaOAAZxYV0dq7U376.jpg,http://192.168.128.128/group1/M00/00/01/wKiAgFleg7iAfHA6AAejG5zA8sM456.jpg,http://192.168.128.128/group1/M00/00/01/wKiAgFleg-qASK-1AAe7vhrLuZ8496.jpg','<img src=\"http://192.168.128.128/group1/M00/00/01/wKiAgFleg4SAYtftAAchGoUBHBU622.jpg\" alt=\"\" />','','9,10,11','M,L,XL','SYSTEM','SYSTEM','2017-07-08 23:54:09','2017-11-30 18:00:04',NULL,'N'),(1018,15,'潮流假期瑜伽服女套装莫代尔专业三件套2017年夏季新款中长袖上衣健身舞蹈服 黑配紫红色-短袖三件套 M','0.6',0,0,0,1,'http://192.168.128.128/group1/M00/00/01/wKiAgFlehJWACG4XAAEMS9Hjox0493.jpg,http://192.168.128.128/group1/M00/00/01/wKiAgFlehJeAcCZMAAEGSJyIryc747.jpg,http://192.168.128.128/group1/M00/00/01/wKiAgFlehL-AaQAmAASsSgp8XBE421.jpg','<img src=\"http://192.168.128.128/group1/M00/00/01/wKiAgFlehM6ARfFQAAX1bEdSrhw045.jpg\" alt=\"\" />','','9,10,11,13,14','S,M,L,XL','SYSTEM','SYSTEM','2017-07-08 23:58:07','2017-11-30 18:00:09',NULL,'N'),(1019,17,'2017中国红裂尚瑜伽服套装女夏季健身服三件套显瘦健身房跑步瑜珈运动舞蹈服','0.6',0,0,0,1,'http://192.168.128.128/group1/M00/00/01/wKiAgFlkyuaAL5ZOAACoJWnkj6I301.jpg','<img src=\"http://192.168.128.128/group1/M00/00/01/wKiAgFlky0OAPlC_AAhNU6ozJYk408.jpg\" alt=\"\" />','衣服*1 奶罩*2  三角透明内裤*2','9,10','S,L,XL,XXL','SYSTEM','SYSTEM','2017-07-11 20:59:41','2017-11-30 18:00:09',NULL,'N');

/*Table structure for table `cy_role` */

DROP TABLE IF EXISTS `cy_role`;

CREATE TABLE `cy_role` (
  `id` bigint(20) NOT NULL AUTO_INCREMENT COMMENT '主键',
  `name` varchar(126) DEFAULT NULL COMMENT '名字',
  `english_name` varchar(126) DEFAULT NULL COMMENT '英文名',
  `is_enable` tinyint(4) DEFAULT NULL COMMENT '是否可用（0：不可用，1：可用）',
  `remark` varchar(512) DEFAULT NULL COMMENT '备注',
  `create_time` datetime NOT NULL COMMENT '创建时间',
  `update_time` datetime NOT NULL COMMENT '修改时间',
  `creator` varchar(10) NOT NULL DEFAULT 'SYSTEM' COMMENT '创建者',
  `modifier` varchar(10) NOT NULL DEFAULT 'SYSTEM' COMMENT '修改者',
  `extra_info` varchar(128) DEFAULT NULL COMMENT '扩展字段',
  `is_deleted` char(1) NOT NULL DEFAULT 'N' COMMENT '是否删除（Y：是，N：否）',
  PRIMARY KEY (`id`)
) ENGINE=InnoDB AUTO_INCREMENT=5 DEFAULT CHARSET=utf8 COMMENT='角色';

/*Data for the table `cy_role` */

insert  into `cy_role`(`id`,`name`,`english_name`,`is_enable`,`remark`,`create_time`,`update_time`,`creator`,`modifier`,`extra_info`,`is_deleted`) values (1,'超级管理员','admin',1,'拥有所有权限','2017-11-15 10:14:52','2017-12-28 15:02:32','SYSTEM','SYSTEM',NULL,'N'),(2,'管理员','manage',1,'负责日常系统维护','2017-11-15 15:50:14','2017-11-16 11:13:13','SYSTEM','SYSTEM',NULL,'N'),(3,'财务人员','account',1,'管理财务','2017-11-21 10:23:03','2017-11-21 10:23:03','SYSTEM','SYSTEM',NULL,'N'),(4,'test','test',1,'test','2017-12-28 15:19:44','2017-12-28 16:00:25','SYSTEM','SYSTEM',NULL,'Y');

/*Table structure for table `cy_role_menu` */

DROP TABLE IF EXISTS `cy_role_menu`;

CREATE TABLE `cy_role_menu` (
  `id` int(20) NOT NULL AUTO_INCREMENT COMMENT '主键',
  `role_id` varchar(64) NOT NULL COMMENT '角色ID',
  `menu_id` varchar(64) NOT NULL COMMENT '菜单ID',
  `create_time` datetime NOT NULL COMMENT '创建时间',
  `update_time` datetime NOT NULL COMMENT '修改时间',
  `creator` varchar(10) NOT NULL DEFAULT 'SYSTEM' COMMENT '创建者',
  `modifier` varchar(10) NOT NULL DEFAULT 'SYSTEM' COMMENT '修改者',
  `extra_info` varchar(128) DEFAULT NULL COMMENT '扩展字段',
  `is_deleted` char(1) NOT NULL DEFAULT 'N' COMMENT '是否删除（Y：是，N：否）',
  PRIMARY KEY (`id`)
) ENGINE=InnoDB AUTO_INCREMENT=66 DEFAULT CHARSET=utf8 COMMENT='角色菜单';

/*Data for the table `cy_role_menu` */

insert  into `cy_role_menu`(`id`,`role_id`,`menu_id`,`create_time`,`update_time`,`creator`,`modifier`,`extra_info`,`is_deleted`) values (1,'1','1','2017-11-15 10:14:52','2017-11-15 15:49:01','SYSTEM','SYSTEM',NULL,'N'),(2,'1','963706382fac4298bbfb8782bc4f3e00','2017-11-15 10:14:52','2017-11-15 15:49:31','SYSTEM','SYSTEM',NULL,'N'),(3,'1','c88cdceedb1b4cae939c43a89b9c05aa','2017-11-15 10:14:52','2017-11-15 15:49:31','SYSTEM','SYSTEM',NULL,'N'),(4,'1','16e199f3fb3b429dac208e8a9374a09f','2017-11-15 10:14:52','2017-11-15 15:49:31','SYSTEM','SYSTEM',NULL,'N'),(5,'1','0cbcb46c40384548989d5ce39d8d01fb','2017-11-15 10:14:52','2017-11-15 15:49:31','SYSTEM','SYSTEM',NULL,'N'),(6,'1','e37cc89995584921910220d6a7d61c56','2017-11-15 10:14:52','2017-11-15 15:49:31','SYSTEM','SYSTEM',NULL,'N'),(7,'1','2cf5f58ce373474e886a3058060dec2b','2017-11-15 10:14:52','2017-11-15 15:49:01','SYSTEM','SYSTEM',NULL,'N'),(8,'1','28','2017-11-15 10:14:52','2017-11-15 15:49:01','SYSTEM','SYSTEM',NULL,'N'),(9,'1','29','2017-11-15 10:14:52','2017-11-15 15:49:01','SYSTEM','SYSTEM',NULL,'N'),(10,'1','27','2017-11-15 10:14:52','2017-11-15 15:49:01','SYSTEM','SYSTEM',NULL,'N'),(11,'1','59a765c005984368a5482fd0859e05b0','2017-11-15 10:14:52','2017-11-15 15:49:31','SYSTEM','SYSTEM',NULL,'N'),(12,'1','8a403ad9f0d049eb8e9e3c6893038443','2017-11-15 10:14:52','2017-11-15 15:49:31','SYSTEM','SYSTEM',NULL,'N'),(13,'1','f212297747934d10bfbc49137099bd61','2017-11-15 10:14:52','2017-11-15 15:49:31','SYSTEM','SYSTEM',NULL,'N'),(14,'1','17d1c3e794044b0cb820dff649a3df6b','2017-11-15 10:14:52','2017-11-15 15:49:31','SYSTEM','SYSTEM',NULL,'N'),(16,'2','1','2017-11-15 15:50:14','2017-11-15 16:02:06','SYSTEM','SYSTEM',NULL,'N'),(17,'2','2cf5f58ce373474e886a3058060dec2b','2017-11-15 15:50:14','2017-11-15 16:02:06','SYSTEM','SYSTEM',NULL,'N'),(18,'2','28','2017-11-15 15:50:14','2017-11-15 16:02:06','SYSTEM','SYSTEM',NULL,'N'),(19,'2','29','2017-11-15 15:50:14','2017-11-15 16:02:06','SYSTEM','SYSTEM',NULL,'N'),(20,'2','27','2017-11-15 15:50:14','2017-11-15 16:02:06','SYSTEM','SYSTEM',NULL,'N'),(21,'2','59a765c005984368a5482fd0859e05b0','2017-11-15 15:50:14','2017-11-15 16:02:06','SYSTEM','SYSTEM',NULL,'N'),(22,'2','8a403ad9f0d049eb8e9e3c6893038443','2017-11-15 15:50:14','2017-11-15 16:02:06','SYSTEM','SYSTEM',NULL,'N'),(23,'2','f212297747934d10bfbc49137099bd61','2017-11-15 15:50:14','2017-11-15 16:02:06','SYSTEM','SYSTEM',NULL,'N'),(24,'2','17d1c3e794044b0cb820dff649a3df6b','2017-11-15 15:50:14','2017-11-15 16:02:06','SYSTEM','SYSTEM',NULL,'N'),(31,'2','963706382fac4298bbfb8782bc4f3e00','2017-11-15 15:50:34','2017-11-16 11:13:14','SYSTEM','SYSTEM',NULL,'Y'),(32,'2','16e199f3fb3b429dac208e8a9374a09f','2017-11-15 15:50:50','2017-11-16 11:13:14','SYSTEM','SYSTEM',NULL,'N'),(33,'2','0cbcb46c40384548989d5ce39d8d01fb','2017-11-15 15:50:50','2017-11-16 11:13:14','SYSTEM','SYSTEM',NULL,'Y'),(35,'2','c88cdceedb1b4cae939c43a89b9c05aa','2017-11-15 15:53:19','2017-11-16 11:13:14','SYSTEM','SYSTEM',NULL,'N'),(36,'2','e37cc89995584921910220d6a7d61c56','2017-11-15 15:53:19','2017-11-16 11:13:14','SYSTEM','SYSTEM',NULL,'Y'),(37,'3','1','2017-11-21 10:23:03','2017-11-21 10:23:03','SYSTEM','SYSTEM',NULL,'N'),(38,'3','16e199f3fb3b429dac208e8a9374a09f','2017-11-21 10:23:03','2017-11-21 10:23:03','SYSTEM','SYSTEM',NULL,'N'),(40,'1','3ad68fddeca24296a3db4a2f7ae80aab','2017-11-21 16:44:42','2017-11-21 16:44:42','SYSTEM','SYSTEM',NULL,'N'),(41,'1','9557415e5e354c8da58dfc9a0f110bd8','2017-11-21 16:46:02','2017-11-21 16:46:02','SYSTEM','SYSTEM',NULL,'N'),(42,'1','de700504cac348b8a1b5ec5bce2145ff','2017-11-21 16:47:13','2017-11-21 16:47:13','SYSTEM','SYSTEM',NULL,'N'),(43,'1','7adb356a09064e00ace236ad098a3f51','2017-11-21 16:47:49','2017-11-21 16:47:49','SYSTEM','SYSTEM',NULL,'N'),(44,'1','b1b0d66c1a104c97bc921cbf2c6e0e1a','2017-11-21 16:50:52','2017-11-21 16:50:52','SYSTEM','SYSTEM',NULL,'N'),(45,'1','7f4777ebb00d4727b377e79b992e1cf3','2017-11-21 16:53:16','2017-11-21 16:53:16','SYSTEM','SYSTEM',NULL,'N'),(46,'1','0df40c195c25413d965a8d4d58f64938','2017-11-21 16:58:27','2017-11-21 16:58:27','SYSTEM','SYSTEM',NULL,'N'),(47,'1','80949674494f4db58fa16f7d07053a31','2017-11-21 17:01:25','2017-11-21 17:01:25','SYSTEM','SYSTEM',NULL,'N'),(48,'1','e6dfff0f201847b98c0b1642588d7f5d','2017-11-21 17:08:44','2017-11-21 17:08:44','SYSTEM','SYSTEM',NULL,'N'),(49,'1','9ceb4f5d42e144f5948614e9a4b7e82f','2017-12-07 16:07:41','2017-12-07 16:07:41','SYSTEM','SYSTEM',NULL,'N'),(50,'4','1','2017-12-28 15:19:44','2017-12-28 15:19:44','SYSTEM','SYSTEM',NULL,'N'),(51,'4','963706382fac4298bbfb8782bc4f3e00','2017-12-28 15:19:44','2017-12-28 15:19:44','SYSTEM','SYSTEM',NULL,'N'),(52,'4','e6dfff0f201847b98c0b1642588d7f5d','2017-12-28 15:19:44','2017-12-28 15:19:44','SYSTEM','SYSTEM',NULL,'N'),(53,'4','9ceb4f5d42e144f5948614e9a4b7e82f','2017-12-28 15:19:44','2017-12-28 15:19:44','SYSTEM','SYSTEM',NULL,'N'),(54,'4','c88cdceedb1b4cae939c43a89b9c05aa','2017-12-28 15:19:44','2017-12-28 15:19:44','SYSTEM','SYSTEM',NULL,'N'),(55,'4','16e199f3fb3b429dac208e8a9374a09f','2017-12-28 15:19:44','2017-12-28 15:19:44','SYSTEM','SYSTEM',NULL,'N'),(56,'4','0cbcb46c40384548989d5ce39d8d01fb','2017-12-28 15:19:44','2017-12-28 15:19:44','SYSTEM','SYSTEM',NULL,'N'),(57,'4','e37cc89995584921910220d6a7d61c56','2017-12-28 15:19:44','2017-12-28 15:19:44','SYSTEM','SYSTEM',NULL,'N'),(58,'4','2cf5f58ce373474e886a3058060dec2b','2017-12-28 15:19:44','2017-12-28 15:19:44','SYSTEM','SYSTEM',NULL,'N'),(59,'4','28','2017-12-28 15:19:44','2017-12-28 15:19:44','SYSTEM','SYSTEM',NULL,'N'),(60,'4','29','2017-12-28 15:19:44','2017-12-28 15:19:44','SYSTEM','SYSTEM',NULL,'N'),(61,'4','27','2017-12-28 15:19:44','2017-12-28 15:19:44','SYSTEM','SYSTEM',NULL,'N'),(62,'4','59a765c005984368a5482fd0859e05b0','2017-12-28 15:19:44','2017-12-28 15:19:44','SYSTEM','SYSTEM',NULL,'N'),(63,'4','8a403ad9f0d049eb8e9e3c6893038443','2017-12-28 15:19:44','2017-12-28 15:19:44','SYSTEM','SYSTEM',NULL,'N'),(64,'4','f212297747934d10bfbc49137099bd61','2017-12-28 15:19:44','2017-12-28 15:19:44','SYSTEM','SYSTEM',NULL,'N'),(65,'4','17d1c3e794044b0cb820dff649a3df6b','2017-12-28 15:19:44','2017-12-28 15:19:44','SYSTEM','SYSTEM',NULL,'N');

/*Table structure for table `cy_role_user` */

DROP TABLE IF EXISTS `cy_role_user`;

CREATE TABLE `cy_role_user` (
  `id` int(64) NOT NULL AUTO_INCREMENT COMMENT '主键',
  `user_id` varchar(64) DEFAULT NULL COMMENT '用户id',
  `role_id` varchar(64) DEFAULT NULL COMMENT '角色id',
  `create_time` datetime NOT NULL COMMENT '创建时间',
  `update_time` datetime NOT NULL COMMENT '修改时间',
  `creator` varchar(10) NOT NULL DEFAULT 'SYSTEM' COMMENT '创建者',
  `modifier` varchar(10) NOT NULL DEFAULT 'SYSTEM' COMMENT '修改者',
  `extra_info` varchar(128) DEFAULT NULL COMMENT '扩展字段',
  `is_deleted` char(1) NOT NULL DEFAULT 'N' COMMENT '是否删除（Y：是，N：否）',
  PRIMARY KEY (`id`)
) ENGINE=InnoDB AUTO_INCREMENT=27 DEFAULT CHARSET=utf8 COMMENT='角色用户';

/*Data for the table `cy_role_user` */

insert  into `cy_role_user`(`id`,`user_id`,`role_id`,`create_time`,`update_time`,`creator`,`modifier`,`extra_info`,`is_deleted`) values (1,'1','1','2017-10-26 15:41:53','2017-11-21 10:18:19','SYSTEM','SYSTEM',NULL,'N'),(11,'5','1','2017-11-17 18:10:26','2017-11-21 13:52:59','SYSTEM','SYSTEM',NULL,'Y'),(12,'5','2','2017-11-17 18:10:26','2017-11-21 13:52:59','SYSTEM','SYSTEM',NULL,'N'),(13,'1','1','2017-11-21 10:09:40','2017-11-21 10:18:19','SYSTEM','SYSTEM',NULL,'N'),(14,'1','2','2017-11-21 10:09:40','2017-11-21 13:53:04','SYSTEM','SYSTEM',NULL,'Y'),(16,'6','1','2017-11-21 10:22:24','2017-11-21 13:52:51','SYSTEM','SYSTEM',NULL,'Y'),(17,'6','2','2017-11-21 10:22:24','2017-11-21 13:52:51','SYSTEM','SYSTEM',NULL,'Y'),(19,'6','1','2017-11-21 10:23:10','2017-11-21 13:52:51','SYSTEM','SYSTEM',NULL,'Y'),(20,'6','2','2017-11-21 10:23:10','2017-11-21 13:52:51','SYSTEM','SYSTEM',NULL,'Y'),(21,'6','3','2017-11-21 10:23:10','2017-11-21 12:36:52','SYSTEM','SYSTEM',NULL,'N'),(22,'5','1','2017-11-21 11:24:25','2017-11-21 13:52:59','SYSTEM','SYSTEM',NULL,'Y'),(23,'5','2','2017-11-21 11:24:25','2017-11-21 13:52:59','SYSTEM','SYSTEM',NULL,'N'),(24,'5','3','2017-11-21 11:24:25','2017-11-21 13:52:59','SYSTEM','SYSTEM',NULL,'Y'),(25,'27','1','2017-12-28 15:48:36','2017-12-28 15:48:36','SYSTEM','SYSTEM',NULL,'N'),(26,'28','1','2017-12-28 15:51:23','2017-12-28 15:51:23','SYSTEM','SYSTEM',NULL,'N');

/*Table structure for table `cy_sku` */

DROP TABLE IF EXISTS `cy_sku`;

CREATE TABLE `cy_sku` (
  `id` bigint(20) NOT NULL AUTO_INCREMENT COMMENT 'ID',
  `product_id` bigint(20) DEFAULT NULL COMMENT '商品ID',
  `color_id` bigint(20) DEFAULT NULL COMMENT '颜色ID',
  `size` varchar(16) DEFAULT NULL COMMENT '尺码',
  `market_price` varchar(64) DEFAULT NULL COMMENT '市场价',
  `price` varchar(64) DEFAULT NULL COMMENT '售价',
  `delive_fee` varchar(16) DEFAULT '10.00' COMMENT '运费 默认10元',
  `stock` int(11) DEFAULT NULL COMMENT '库存',
  `upper_limit` int(11) DEFAULT NULL COMMENT '购买限制',
  `creator` varchar(24) DEFAULT 'SYSTEM' COMMENT '创建者',
  `modifier` varchar(24) DEFAULT 'SYSTEM' COMMENT '修改者',
  `create_time` datetime DEFAULT NULL COMMENT '创建时间',
  `update_time` datetime DEFAULT NULL COMMENT '修改时间',
  `extra_info` varchar(128) DEFAULT NULL COMMENT '扩展字段',
  `is_deleted` char(1) DEFAULT 'N' COMMENT '是否删除（Y：是，N：否）',
  PRIMARY KEY (`id`)
) ENGINE=InnoDB AUTO_INCREMENT=435 DEFAULT CHARSET=utf8 COMMENT='最小销售单元';

/*Data for the table `cy_sku` */

insert  into `cy_sku`(`id`,`product_id`,`color_id`,`size`,`market_price`,`price`,`delive_fee`,`stock`,`upper_limit`,`creator`,`modifier`,`create_time`,`update_time`,`extra_info`,`is_deleted`) values (1,3,9,'S','89.50','129.00','10.00',200,20076,'SYSTEM','SYSTEM','2017-06-29 23:56:00','2017-06-29 23:56:00',NULL,'N'),(2,3,9,'M','0.00','43.00','10.00',200,200,'SYSTEM','SYSTEM','2017-06-29 23:56:00','2017-06-29 23:56:00',NULL,'N'),(3,3,9,'L','0.00','0.00','10.00',200,200,'SYSTEM','SYSTEM','2017-06-29 23:56:00','2017-06-29 23:56:00',NULL,'N'),(4,3,9,'XL','0.00','0.00','10.00',200,200,'SYSTEM','SYSTEM','2017-06-29 23:56:00','2017-06-29 23:56:00',NULL,'N'),(5,3,9,'XXL','0.00','3.00','10.00',200,200,'SYSTEM','SYSTEM','2017-06-29 23:56:00','2017-06-29 23:56:00',NULL,'N'),(6,3,10,'S','0.00','0.00','10.00',200,200,'SYSTEM','SYSTEM','2017-06-29 23:56:00','2017-06-29 23:56:00',NULL,'N'),(7,3,10,'M','0.00','3.20','10.00',200,200,'SYSTEM','SYSTEM','2017-06-29 23:56:00','2017-06-29 23:56:00',NULL,'N'),(8,3,10,'L','0.00','0.00','10.00',200,200,'SYSTEM','SYSTEM','2017-06-29 23:56:00','2017-06-29 23:56:00',NULL,'N'),(9,3,10,'XL','0.00','0.00','10.00',200,200,'SYSTEM','SYSTEM','2017-06-29 23:56:00','2017-06-29 23:56:00',NULL,'N'),(10,3,10,'XXL','0.00','343','10.00',200,200,'SYSTEM','SYSTEM','2017-06-29 23:56:00','2017-06-29 23:56:00',NULL,'N'),(11,3,12,'S','0.00','0.00','10.00',200,200,'SYSTEM','SYSTEM','2017-06-29 23:56:00','2017-06-29 23:56:00',NULL,'N'),(12,3,12,'M','0.00','34','10.00',200,200,'SYSTEM','SYSTEM','2017-06-29 23:56:00','2017-06-29 23:56:00',NULL,'N'),(13,3,12,'L','0.00','0.00','10.00',200,200,'SYSTEM','SYSTEM','2017-06-29 23:56:00','2017-06-29 23:56:00',NULL,'N'),(14,3,12,'XL','0.00','0.00','10.00',200,200,'SYSTEM','SYSTEM','2017-06-29 23:56:00','2017-06-29 23:56:00',NULL,'N'),(15,3,12,'XXL','0.00','0.00','10.00',200,200,'SYSTEM','SYSTEM','2017-06-29 23:56:00','2017-06-29 23:56:00',NULL,'N'),(16,3,14,'S','0.00','34','10.00',200,200,'SYSTEM','SYSTEM','2017-06-29 23:56:00','2017-06-29 23:56:00',NULL,'N'),(17,3,14,'M','0.00','0.00','10.00',200,200,'SYSTEM','SYSTEM','2017-06-29 23:56:00','2017-06-29 23:56:00',NULL,'N'),(18,3,14,'L','0.00','0.00','10.00',200,200,'SYSTEM','SYSTEM','2017-06-29 23:56:00','2017-06-29 23:56:00',NULL,'N'),(19,3,14,'XL','0.00','10','10.00',200,200,'SYSTEM','SYSTEM','2017-06-29 23:56:00','2017-06-29 23:56:00',NULL,'N'),(20,3,14,'XXL','0.00','0.00','10.00',200,200,'SYSTEM','SYSTEM','2017-06-29 23:56:00','2017-06-29 23:56:00',NULL,'N'),(21,3,16,'S','0.00','7.23','10.00',200,200,'SYSTEM','SYSTEM','2017-06-29 23:56:00','2017-06-29 23:56:00',NULL,'N'),(22,3,16,'M','0.00','67','10.00',200,200,'SYSTEM','SYSTEM','2017-06-29 23:56:00','2017-06-29 23:56:00',NULL,'N'),(23,3,16,'L','0.00','0.00','10.00',200,200,'SYSTEM','SYSTEM','2017-06-29 23:56:00','2017-06-29 23:56:00',NULL,'N'),(24,3,16,'XL','0.00','0.00','10.00',200,200,'SYSTEM','SYSTEM','2017-06-29 23:56:00','2017-06-29 23:56:00',NULL,'N'),(25,3,16,'XXL','0.00','0.00','10.00',200,200,'SYSTEM','SYSTEM','2017-06-29 23:56:00','2017-06-29 23:56:00',NULL,'N'),(26,3,23,'S','0.00','0.00','10.00',200,200,'SYSTEM','SYSTEM','2017-06-29 23:56:00','2017-06-29 23:56:00',NULL,'N'),(27,3,23,'M','0.00','32.23','10.00',200,200,'SYSTEM','SYSTEM','2017-06-29 23:56:00','2017-06-29 23:56:00',NULL,'N'),(28,3,23,'L','0.00','0.00','10.00',200,200,'SYSTEM','SYSTEM','2017-06-29 23:56:00','2017-06-29 23:56:00',NULL,'N'),(29,3,23,'XL','0.00','0.00','10.00',200,200,'SYSTEM','SYSTEM','2017-06-29 23:56:00','2017-06-29 23:56:00',NULL,'N'),(30,3,23,'XXL','0.00','0.99','10.00',200,200,'SYSTEM','SYSTEM','2017-06-29 23:56:00','2017-06-29 23:56:00',NULL,'N'),(31,3,25,'S','0.00','0.00','10.00',200,200,'SYSTEM','SYSTEM','2017-06-29 23:56:00','2017-06-29 23:56:00',NULL,'N'),(32,3,25,'M','0.00','0.00','10.00',200,200,'SYSTEM','SYSTEM','2017-06-29 23:56:00','2017-06-29 23:56:00',NULL,'N'),(33,3,25,'L','0.00','0.00','10.00',200,200,'SYSTEM','SYSTEM','2017-06-29 23:56:00','2017-06-29 23:56:00',NULL,'N'),(34,3,25,'XL','0.00','0.00','10.00',200,200,'SYSTEM','SYSTEM','2017-06-29 23:56:00','2017-06-29 23:56:00',NULL,'N'),(35,3,25,'XXL','0.00','32.32','10.00',200,200,'SYSTEM','SYSTEM','2017-06-29 23:56:00','2017-06-29 23:56:00',NULL,'N'),(36,1002,9,'S','0.00','56.78','10.00',200,200,'SYSTEM','SYSTEM','2017-07-06 23:45:51','2017-12-05 17:37:32',NULL,'Y'),(37,1002,9,'M','0.00','56.78','10.00',200,200,'SYSTEM','SYSTEM','2017-07-06 23:45:51','2017-12-05 17:37:32',NULL,'Y'),(38,1002,9,'L','0.00','56.78','10.00',200,200,'SYSTEM','SYSTEM','2017-07-06 23:45:51','2017-12-05 17:37:32',NULL,'Y'),(39,1002,9,'XL','0.00','56.78','10.00',200,200,'SYSTEM','SYSTEM','2017-07-06 23:45:51','2017-12-05 17:37:32',NULL,'Y'),(40,1002,9,'XXL','0.00','56.78','10.00',200,200,'SYSTEM','SYSTEM','2017-07-06 23:45:51','2017-12-05 17:37:32',NULL,'Y'),(41,1002,10,'S','0.00','56.78','10.00',200,200,'SYSTEM','SYSTEM','2017-07-06 23:45:51','2017-12-05 17:37:32',NULL,'Y'),(42,1002,10,'M','0.00','56.78','10.00',200,200,'SYSTEM','SYSTEM','2017-07-06 23:45:51','2017-12-05 17:37:32',NULL,'Y'),(43,1002,10,'L','0.00','56.78','10.00',200,200,'SYSTEM','SYSTEM','2017-07-06 23:45:51','2017-12-05 17:37:32',NULL,'Y'),(44,1002,10,'XL','0.00','56.78','10.00',200,200,'SYSTEM','SYSTEM','2017-07-06 23:45:51','2017-12-05 17:37:32',NULL,'Y'),(45,1002,10,'XXL','0.00','56.78','10.00',200,200,'SYSTEM','SYSTEM','2017-07-06 23:45:51','2017-12-05 17:37:32',NULL,'Y'),(46,1002,11,'S','0.00','56.78','10.00',200,200,'SYSTEM','SYSTEM','2017-07-06 23:45:51','2017-12-05 17:37:32',NULL,'Y'),(47,1002,11,'M','0.00','56.78','10.00',200,200,'SYSTEM','SYSTEM','2017-07-06 23:45:51','2017-12-05 17:37:32',NULL,'Y'),(48,1002,11,'L','0.00','56.78','10.00',200,200,'SYSTEM','SYSTEM','2017-07-06 23:45:51','2017-12-05 17:37:32',NULL,'Y'),(49,1002,11,'XL','0.00','56.78','10.00',200,200,'SYSTEM','SYSTEM','2017-07-06 23:45:51','2017-12-05 17:37:32',NULL,'Y'),(50,1002,11,'XXL','0.00','56.78','10.00',200,200,'SYSTEM','SYSTEM','2017-07-06 23:45:51','2017-12-05 17:37:32',NULL,'Y'),(51,1002,18,'S','0.00','56.78','10.00',200,200,'SYSTEM','SYSTEM','2017-07-06 23:45:51','2017-12-05 17:37:32',NULL,'Y'),(52,1002,18,'M','0.00','56.78','10.00',200,200,'SYSTEM','SYSTEM','2017-07-06 23:45:51','2017-12-05 17:37:32',NULL,'Y'),(53,1002,18,'L','0.00','56.78','10.00',200,200,'SYSTEM','SYSTEM','2017-07-06 23:45:51','2017-12-05 17:37:32',NULL,'Y'),(54,1002,18,'XL','0.00','56.78','10.00',200,200,'SYSTEM','SYSTEM','2017-07-06 23:45:51','2017-12-05 17:37:32',NULL,'Y'),(55,1002,18,'XXL','0.00','56.78','10.00',200,200,'SYSTEM','SYSTEM','2017-07-06 23:45:51','2017-12-05 17:37:32',NULL,'Y'),(56,1002,19,'S','0.00','56.78','10.00',200,200,'SYSTEM','SYSTEM','2017-07-06 23:45:51','2017-12-05 17:37:32',NULL,'Y'),(57,1002,19,'M','0.00','56.78','10.00',200,200,'SYSTEM','SYSTEM','2017-07-06 23:45:51','2017-12-05 17:37:32',NULL,'Y'),(58,1002,19,'L','0.00','56.78','10.00',200,200,'SYSTEM','SYSTEM','2017-07-06 23:45:51','2017-12-05 17:37:32',NULL,'Y'),(59,1002,19,'XL','0.00','56.78','10.00',200,200,'SYSTEM','SYSTEM','2017-07-06 23:45:51','2017-12-05 17:37:32',NULL,'Y'),(60,1002,19,'XXL','0.00','56.78','10.00',200,200,'SYSTEM','SYSTEM','2017-07-06 23:45:51','2017-12-05 17:37:32',NULL,'Y'),(61,1002,22,'S','0.00','56.78','10.00',200,200,'SYSTEM','SYSTEM','2017-07-06 23:45:51','2017-12-05 17:37:32',NULL,'Y'),(62,1002,22,'M','0.00','56.78','10.00',200,200,'SYSTEM','SYSTEM','2017-07-06 23:45:51','2017-12-05 17:37:32',NULL,'Y'),(63,1002,22,'L','0.00','56.78','10.00',200,200,'SYSTEM','SYSTEM','2017-07-06 23:45:51','2017-12-05 17:37:32',NULL,'Y'),(64,1002,22,'XL','0.00','56.78','10.00',200,200,'SYSTEM','SYSTEM','2017-07-06 23:45:51','2017-12-05 17:37:32',NULL,'Y'),(65,1002,22,'XXL','0.00','56.78','10.00',200,200,'SYSTEM','SYSTEM','2017-07-06 23:45:51','2017-12-05 17:37:32',NULL,'Y'),(66,1003,9,'S','12.00','69.50','10.00',200,200,'SYSTEM','SYSTEM','2017-07-06 23:52:29','2017-12-07 10:06:39',NULL,'Y'),(67,1003,9,'M','12.00','69.50','10.00',200,200,'SYSTEM','SYSTEM','2017-07-06 23:52:29','2017-12-07 10:07:16',NULL,'Y'),(68,1003,9,'L','0.00','69.50','10.00',200,222,'SYSTEM','SYSTEM','2017-07-06 23:52:29','2017-12-07 10:32:36',NULL,'Y'),(69,1003,9,'XL','0.00','69.50','10.00',200,200,'SYSTEM','SYSTEM','2017-07-06 23:52:29','2017-12-07 10:07:19',NULL,'Y'),(70,1003,10,'S','0.00','69.50','10.00',200,200,'SYSTEM','SYSTEM','2017-07-06 23:52:29','2017-12-07 10:06:47',NULL,'Y'),(71,1003,10,'M','0.00','69.50','10.00',200,200,'SYSTEM','SYSTEM','2017-07-06 23:52:29','2017-12-07 10:54:57',NULL,'Y'),(72,1003,10,'L','0.00','69.50','10.00',200,230,'SYSTEM','SYSTEM','2017-07-06 23:52:29','2017-12-07 10:55:43',NULL,'Y'),(73,1003,10,'XL','0.00','69.50','10.00',200,200,'SYSTEM','SYSTEM','2017-07-06 23:52:29','2017-12-07 10:07:22',NULL,'Y'),(74,1003,11,'S','0.00','69.50','10.00',200,233,'SYSTEM','SYSTEM','2017-07-06 23:52:29','2017-12-07 10:56:17',NULL,'Y'),(75,1003,11,'M','0.00','69.50','10.00',200,200,'SYSTEM','SYSTEM','2017-07-06 23:52:29','2017-12-07 10:32:40',NULL,'Y'),(76,1003,11,'L','0.00','69.50','10.00',200,200,'SYSTEM','SYSTEM','2017-07-06 23:52:29','2017-12-07 11:03:26',NULL,'Y'),(77,1003,11,'XL','0.00','69.50','10.00',200,200,'SYSTEM','SYSTEM','2017-07-06 23:52:29','2017-12-07 10:32:59',NULL,'Y'),(78,1003,12,'S','0.00','69.50','10.00',200,200,'SYSTEM','SYSTEM','2017-07-06 23:52:29','2017-12-07 11:12:35',NULL,'Y'),(79,1003,12,'M','0.00','69.50','10.00',200,200,'SYSTEM','SYSTEM','2017-07-06 23:52:29','2017-12-07 11:04:03',NULL,'Y'),(80,1003,12,'L','0.00','69.50','10.00',200,200,'SYSTEM','SYSTEM','2017-07-06 23:52:29','2017-12-07 11:03:28',NULL,'Y'),(81,1003,12,'XL','0.00','69.50','10.00',200,200,'SYSTEM','SYSTEM','2017-07-06 23:52:29','2017-12-07 11:16:31',NULL,'Y'),(82,1003,13,'S','0.00','69.50','10.00',200,200,'SYSTEM','SYSTEM','2017-07-06 23:52:29','2017-12-07 11:16:36',NULL,'Y'),(83,1003,13,'M','0.00','69.50','10.00',200,200,'SYSTEM','SYSTEM','2017-07-06 23:52:29','2017-12-07 11:15:55',NULL,'Y'),(84,1003,13,'L','0.00','69.50','10.00',200,200,'SYSTEM','SYSTEM','2017-07-06 23:52:29','2017-12-07 11:16:45',NULL,'Y'),(85,1003,13,'XL','0.00','69.50','10.00',200,200,'SYSTEM','SYSTEM','2017-07-06 23:52:29','2017-12-07 11:16:27',NULL,'Y'),(86,1003,16,'S','0.00','69.50','10.00',200,200,'SYSTEM','SYSTEM','2017-07-06 23:52:29','2017-07-06 23:52:29',NULL,'N'),(87,1003,16,'M','0.00','69.50','10.00',200,200,'SYSTEM','SYSTEM','2017-07-06 23:52:29','2017-07-06 23:52:29',NULL,'N'),(88,1003,16,'L','0.00','69.50','10.00',200,200,'SYSTEM','SYSTEM','2017-07-06 23:52:29','2017-12-07 11:25:51',NULL,'N'),(89,1003,16,'XL','0.00','69.50','10.00',200,200,'SYSTEM','SYSTEM','2017-07-06 23:52:29','2017-12-07 11:08:18',NULL,'Y'),(90,1003,20,'S','0.00','69.50','10.00',200,200,'SYSTEM','SYSTEM','2017-07-06 23:52:29','2017-07-06 23:52:29',NULL,'N'),(91,1003,20,'M','0.99','69.50','10.00',323,200,'SYSTEM','SYSTEM','2017-07-06 23:52:29','2017-12-07 11:24:40',NULL,'N'),(92,1003,20,'L','0.00','69.50','10.00',200,200,'SYSTEM','SYSTEM','2017-07-06 23:52:29','2017-07-06 23:52:29',NULL,'N'),(93,1003,20,'XL','0.00','69.50','10.00',200,200,'SYSTEM','SYSTEM','2017-07-06 23:52:29','2017-12-07 11:16:18',NULL,'Y'),(94,1003,21,'S','0.00','69.50','10.00',200,200,'SYSTEM','SYSTEM','2017-07-06 23:52:29','2017-12-07 11:24:13',NULL,'Y'),(95,1003,21,'M','0.00','69.50','10.00',200,200,'SYSTEM','SYSTEM','2017-07-06 23:52:29','2017-07-06 23:52:29',NULL,'N'),(96,1003,21,'L','0.00','69.50','10.00',200,200,'SYSTEM','SYSTEM','2017-07-06 23:52:29','2017-07-06 23:52:29',NULL,'N'),(97,1003,21,'XL','0.00','69.50','10.00',200,200,'SYSTEM','SYSTEM','2017-07-06 23:52:29','2017-12-07 11:16:14',NULL,'Y'),(98,1004,9,'S','0.00','156.99','10.00',200,200,'SYSTEM','SYSTEM','2017-07-08 22:27:51','2017-07-08 22:27:51',NULL,'N'),(99,1004,9,'L','0.00','156.99','10.00',200,200,'SYSTEM','SYSTEM','2017-07-08 22:27:51','2017-07-08 22:27:51',NULL,'N'),(100,1004,9,'XL','0.00','156.99','10.00',200,200,'SYSTEM','SYSTEM','2017-07-08 22:27:51','2017-07-08 22:27:51',NULL,'N'),(101,1004,10,'S','0.00','156.99','10.00',208,200,'SYSTEM','SYSTEM','2017-07-08 22:27:51','2017-12-07 11:33:02',NULL,'N'),(102,1004,10,'L','0.00','156.99','10.00',200,200,'SYSTEM','SYSTEM','2017-07-08 22:27:51','2017-12-07 14:45:19',NULL,'N'),(103,1004,10,'XL','0.00','156.99','10.00',200,200,'SYSTEM','SYSTEM','2017-07-08 22:27:51','2017-07-08 22:27:51',NULL,'N'),(104,1004,13,'S','0.00','156.99','10.00',200,200,'SYSTEM','SYSTEM','2017-07-08 22:27:51','2017-07-08 22:27:51',NULL,'N'),(105,1004,13,'L','0.00','156.99','10.00',200,200,'SYSTEM','SYSTEM','2017-07-08 22:27:51','2017-07-08 22:27:51',NULL,'N'),(106,1004,13,'XL','0.00','156.99','10.00',200,200,'SYSTEM','SYSTEM','2017-07-08 22:27:51','2017-07-08 22:27:51',NULL,'N'),(107,1004,15,'S','0.00','156.99','10.00',200,200,'SYSTEM','SYSTEM','2017-07-08 22:27:51','2017-07-08 22:27:51',NULL,'N'),(108,1004,15,'L','0.00','156.99','10.00',200,200,'SYSTEM','SYSTEM','2017-07-08 22:27:51','2017-07-08 22:27:51',NULL,'N'),(109,1004,15,'XL','0.00','156.99','10.00',200,200,'SYSTEM','SYSTEM','2017-07-08 22:27:51','2017-07-08 22:27:51',NULL,'N'),(110,1005,9,'S','0.00','96.39','10.00',200,200,'SYSTEM','SYSTEM','2017-07-08 22:31:17','2017-12-07 11:05:21',NULL,'Y'),(111,1005,9,'M','0.00','96.39','10.00',200,200,'SYSTEM','SYSTEM','2017-07-08 22:31:17','2017-07-08 22:31:17',NULL,'N'),(112,1005,9,'L','0.00','96.39','10.00',200,200,'SYSTEM','SYSTEM','2017-07-08 22:31:17','2017-07-08 22:31:17',NULL,'N'),(113,1005,9,'XL','0.00','96.39','10.00',200,200,'SYSTEM','SYSTEM','2017-07-08 22:31:17','2017-12-07 11:30:30',NULL,'N'),(114,1005,9,'XXL','0.00','96.39','10.00',200,200,'SYSTEM','SYSTEM','2017-07-08 22:31:17','2017-07-08 22:31:17',NULL,'N'),(115,1005,10,'S','0.00','96.39','10.00',200,200,'SYSTEM','SYSTEM','2017-07-08 22:31:17','2017-12-07 11:27:11',NULL,'N'),(116,1005,10,'M','0.00','96.39','10.00',200,200,'SYSTEM','SYSTEM','2017-07-08 22:31:17','2017-12-07 11:28:52',NULL,'N'),(117,1005,10,'L','0.00','96.39','10.00',200,200,'SYSTEM','SYSTEM','2017-07-08 22:31:17','2017-07-08 22:31:17',NULL,'N'),(118,1005,10,'XL','0.00','96.39','10.00',200,200,'SYSTEM','SYSTEM','2017-07-08 22:31:17','2017-07-08 22:31:17',NULL,'N'),(119,1005,10,'XXL','0.00','96.39','10.00',200,200,'SYSTEM','SYSTEM','2017-07-08 22:31:17','2017-07-08 22:31:17',NULL,'N'),(120,1005,11,'S','0.00','96.39','10.00',200,200,'SYSTEM','SYSTEM','2017-07-08 22:31:17','2017-07-08 22:31:17',NULL,'N'),(121,1005,11,'M','0.00','96.39','10.00',200,200,'SYSTEM','SYSTEM','2017-07-08 22:31:17','2017-07-08 22:31:17',NULL,'N'),(122,1005,11,'L','0.00','96.39','10.00',200,200,'SYSTEM','SYSTEM','2017-07-08 22:31:17','2017-07-08 22:31:17',NULL,'N'),(123,1005,11,'XL','0.00','96.39','10.00',200,200,'SYSTEM','SYSTEM','2017-07-08 22:31:17','2017-07-08 22:31:17',NULL,'N'),(124,1005,11,'XXL','0.00','96.39','10.00',200,200,'SYSTEM','SYSTEM','2017-07-08 22:31:17','2017-07-08 22:31:17',NULL,'N'),(125,1005,12,'S','0.00','96.39','10.00',200,200,'SYSTEM','SYSTEM','2017-07-08 22:31:17','2017-07-08 22:31:17',NULL,'N'),(126,1005,12,'M','0.00','96.39','10.00',200,200,'SYSTEM','SYSTEM','2017-07-08 22:31:17','2017-07-08 22:31:17',NULL,'N'),(127,1005,12,'L','0.00','96.39','10.00',200,200,'SYSTEM','SYSTEM','2017-07-08 22:31:17','2017-07-08 22:31:17',NULL,'N'),(128,1005,12,'XL','0.00','96.39','10.00',200,200,'SYSTEM','SYSTEM','2017-07-08 22:31:17','2017-07-08 22:31:17',NULL,'N'),(129,1005,12,'XXL','0.00','96.39','10.00',200,200,'SYSTEM','SYSTEM','2017-07-08 22:31:17','2017-07-08 22:31:17',NULL,'N'),(130,1005,15,'S','0.00','96.39','10.00',200,200,'SYSTEM','SYSTEM','2017-07-08 22:31:17','2017-07-08 22:31:17',NULL,'N'),(131,1005,15,'M','0.00','96.39','10.00',200,200,'SYSTEM','SYSTEM','2017-07-08 22:31:17','2017-07-08 22:31:17',NULL,'N'),(132,1005,15,'L','0.00','96.39','10.00',200,200,'SYSTEM','SYSTEM','2017-07-08 22:31:17','2017-07-08 22:31:17',NULL,'N'),(133,1005,15,'XL','0.00','96.39','10.00',200,200,'SYSTEM','SYSTEM','2017-07-08 22:31:17','2017-07-08 22:31:17',NULL,'N'),(134,1005,15,'XXL','0.00','96.39','10.00',200,200,'SYSTEM','SYSTEM','2017-07-08 22:31:17','2017-07-08 22:31:17',NULL,'N'),(135,1006,9,'S','0.00','123.35','10.00',200,200,'SYSTEM','SYSTEM','2017-07-08 22:35:05','2017-07-08 22:35:05',NULL,'N'),(136,1006,9,'L','0.00','123.35','10.00',200,200,'SYSTEM','SYSTEM','2017-07-08 22:35:05','2017-07-08 22:35:05',NULL,'N'),(137,1006,9,'XL','0.00','123.35','10.00',200,200,'SYSTEM','SYSTEM','2017-07-08 22:35:05','2017-07-08 22:35:05',NULL,'N'),(138,1006,10,'S','0.00','123.35','10.00',200,200,'SYSTEM','SYSTEM','2017-07-08 22:35:05','2017-07-08 22:35:05',NULL,'N'),(139,1006,10,'L','0.00','123.35','10.00',200,200,'SYSTEM','SYSTEM','2017-07-08 22:35:05','2017-07-08 22:35:05',NULL,'N'),(140,1006,10,'XL','0.00','123.35','10.00',200,200,'SYSTEM','SYSTEM','2017-07-08 22:35:05','2017-07-08 22:35:05',NULL,'N'),(141,1006,11,'S','0.00','123.35','10.00',200,200,'SYSTEM','SYSTEM','2017-07-08 22:35:05','2017-07-08 22:35:05',NULL,'N'),(142,1006,11,'L','0.00','123.35','10.00',200,200,'SYSTEM','SYSTEM','2017-07-08 22:35:05','2017-07-08 22:35:05',NULL,'N'),(143,1006,11,'XL','0.00','123.35','10.00',200,200,'SYSTEM','SYSTEM','2017-07-08 22:35:05','2017-07-08 22:35:05',NULL,'N'),(144,1006,12,'S','0.00','123.35','10.00',200,200,'SYSTEM','SYSTEM','2017-07-08 22:35:05','2017-07-08 22:35:05',NULL,'N'),(145,1006,12,'L','0.00','123.35','10.00',200,200,'SYSTEM','SYSTEM','2017-07-08 22:35:05','2017-07-08 22:35:05',NULL,'N'),(146,1006,12,'XL','0.00','123.35','10.00',200,200,'SYSTEM','SYSTEM','2017-07-08 22:35:05','2017-07-08 22:35:05',NULL,'N'),(147,1007,9,'S','0.00','98.35','10.00',200,200,'SYSTEM','SYSTEM','2017-07-08 22:40:04','2017-07-08 22:40:04',NULL,'N'),(148,1007,9,'M','0.00','98.35','10.00',200,200,'SYSTEM','SYSTEM','2017-07-08 22:40:04','2017-07-08 22:40:04',NULL,'N'),(149,1007,9,'L','0.00','98.35','10.00',200,200,'SYSTEM','SYSTEM','2017-07-08 22:40:04','2017-07-08 22:40:04',NULL,'N'),(150,1007,10,'S','0.00','98.35','10.00',200,200,'SYSTEM','SYSTEM','2017-07-08 22:40:04','2017-07-08 22:40:04',NULL,'N'),(151,1007,10,'M','0.00','98.35','10.00',200,200,'SYSTEM','SYSTEM','2017-07-08 22:40:04','2017-07-08 22:40:04',NULL,'N'),(152,1007,10,'L','0.00','98.35','10.00',200,200,'SYSTEM','SYSTEM','2017-07-08 22:40:04','2017-07-08 22:40:04',NULL,'N'),(153,1007,11,'S','0.00','98.35','10.00',200,200,'SYSTEM','SYSTEM','2017-07-08 22:40:04','2017-07-08 22:40:04',NULL,'N'),(154,1007,11,'M','0.00','98.35','10.00',200,200,'SYSTEM','SYSTEM','2017-07-08 22:40:04','2017-07-08 22:40:04',NULL,'N'),(155,1007,11,'L','0.00','98.35','10.00',200,200,'SYSTEM','SYSTEM','2017-07-08 22:40:04','2017-07-08 22:40:04',NULL,'N'),(156,1007,12,'S','0.00','98.35','10.00',200,200,'SYSTEM','SYSTEM','2017-07-08 22:40:04','2017-07-08 22:40:04',NULL,'N'),(157,1007,12,'M','0.00','98.35','10.00',200,200,'SYSTEM','SYSTEM','2017-07-08 22:40:04','2017-07-08 22:40:04',NULL,'N'),(158,1007,12,'L','0.00','98.35','10.00',200,200,'SYSTEM','SYSTEM','2017-07-08 22:40:04','2017-07-08 22:40:04',NULL,'N'),(159,1007,13,'S','0.00','98.35','10.00',200,200,'SYSTEM','SYSTEM','2017-07-08 22:40:04','2017-07-08 22:40:04',NULL,'N'),(160,1007,13,'M','0.00','98.35','10.00',200,200,'SYSTEM','SYSTEM','2017-07-08 22:40:04','2017-07-08 22:40:04',NULL,'N'),(161,1007,13,'L','0.00','98.35','10.00',200,200,'SYSTEM','SYSTEM','2017-07-08 22:40:04','2017-07-08 22:40:04',NULL,'N'),(162,1008,9,'S','0.00','91.09','10.00',200,200,'SYSTEM','SYSTEM','2017-07-08 22:54:38','2017-07-08 22:54:38',NULL,'N'),(163,1008,9,'M','0.00','91.09','10.00',200,200,'SYSTEM','SYSTEM','2017-07-08 22:54:38','2017-07-08 22:54:38',NULL,'N'),(164,1008,9,'L','0.00','91.09','10.00',200,200,'SYSTEM','SYSTEM','2017-07-08 22:54:38','2017-07-08 22:54:38',NULL,'N'),(165,1008,9,'XL','0.00','91.09','10.00',200,200,'SYSTEM','SYSTEM','2017-07-08 22:54:38','2017-07-08 22:54:38',NULL,'N'),(166,1008,9,'XXL','0.00','91.09','10.00',200,200,'SYSTEM','SYSTEM','2017-07-08 22:54:38','2017-07-08 22:54:38',NULL,'N'),(167,1008,10,'S','0.00','91.09','10.00',200,200,'SYSTEM','SYSTEM','2017-07-08 22:54:38','2017-07-08 22:54:38',NULL,'N'),(168,1008,10,'M','0.00','91.09','10.00',200,200,'SYSTEM','SYSTEM','2017-07-08 22:54:38','2017-07-08 22:54:38',NULL,'N'),(169,1008,10,'L','0.00','91.09','10.00',200,200,'SYSTEM','SYSTEM','2017-07-08 22:54:38','2017-07-08 22:54:38',NULL,'N'),(170,1008,10,'XL','0.00','91.09','10.00',200,200,'SYSTEM','SYSTEM','2017-07-08 22:54:38','2017-07-08 22:54:38',NULL,'N'),(171,1008,10,'XXL','0.00','91.09','10.00',200,200,'SYSTEM','SYSTEM','2017-07-08 22:54:38','2017-07-08 22:54:38',NULL,'N'),(172,1008,12,'S','0.00','91.09','10.00',200,200,'SYSTEM','SYSTEM','2017-07-08 22:54:38','2017-07-08 22:54:38',NULL,'N'),(173,1008,12,'M','0.00','91.09','10.00',200,200,'SYSTEM','SYSTEM','2017-07-08 22:54:38','2017-07-08 22:54:38',NULL,'N'),(174,1008,12,'L','0.00','91.09','10.00',200,200,'SYSTEM','SYSTEM','2017-07-08 22:54:38','2017-07-08 22:54:38',NULL,'N'),(175,1008,12,'XL','0.00','91.09','10.00',200,200,'SYSTEM','SYSTEM','2017-07-08 22:54:38','2017-07-08 22:54:38',NULL,'N'),(176,1008,12,'XXL','0.00','91.09','10.00',200,200,'SYSTEM','SYSTEM','2017-07-08 22:54:38','2017-07-08 22:54:38',NULL,'N'),(177,1008,13,'S','0.00','91.09','10.00',200,200,'SYSTEM','SYSTEM','2017-07-08 22:54:38','2017-07-08 22:54:38',NULL,'N'),(178,1008,13,'M','0.00','91.09','10.00',200,200,'SYSTEM','SYSTEM','2017-07-08 22:54:38','2017-07-08 22:54:38',NULL,'N'),(179,1008,13,'L','0.00','91.09','10.00',200,200,'SYSTEM','SYSTEM','2017-07-08 22:54:38','2017-07-08 22:54:38',NULL,'N'),(180,1008,13,'XL','0.00','91.09','10.00',200,200,'SYSTEM','SYSTEM','2017-07-08 22:54:38','2017-07-08 22:54:38',NULL,'N'),(181,1008,13,'XXL','0.00','91.09','10.00',200,200,'SYSTEM','SYSTEM','2017-07-08 22:54:38','2017-07-08 22:54:38',NULL,'N'),(182,1008,15,'S','0.00','91.09','10.00',200,200,'SYSTEM','SYSTEM','2017-07-08 22:54:38','2017-07-08 22:54:38',NULL,'N'),(183,1008,15,'M','0.00','91.09','10.00',200,200,'SYSTEM','SYSTEM','2017-07-08 22:54:38','2017-07-08 22:54:38',NULL,'N'),(184,1008,15,'L','0.00','91.09','10.00',200,200,'SYSTEM','SYSTEM','2017-07-08 22:54:38','2017-07-08 22:54:38',NULL,'N'),(185,1008,15,'XL','0.00','91.09','10.00',200,200,'SYSTEM','SYSTEM','2017-07-08 22:54:38','2017-07-08 22:54:38',NULL,'N'),(186,1008,15,'XXL','0.00','91.09','10.00',200,200,'SYSTEM','SYSTEM','2017-07-08 22:54:38','2017-07-08 22:54:38',NULL,'N'),(187,1009,9,'S','0.00','65.09','10.00',200,200,'SYSTEM','SYSTEM','2017-07-08 22:58:39','2017-07-08 22:58:39',NULL,'N'),(188,1009,9,'M','0.00','65.09','10.00',200,200,'SYSTEM','SYSTEM','2017-07-08 22:58:39','2017-07-08 22:58:39',NULL,'N'),(189,1009,9,'L','0.00','65.09','10.00',200,200,'SYSTEM','SYSTEM','2017-07-08 22:58:39','2017-07-08 22:58:39',NULL,'N'),(190,1009,9,'XL','0.00','65.09','10.00',200,200,'SYSTEM','SYSTEM','2017-07-08 22:58:39','2017-07-08 22:58:39',NULL,'N'),(191,1009,9,'XXL','0.00','65.09','10.00',200,200,'SYSTEM','SYSTEM','2017-07-08 22:58:39','2017-07-08 22:58:39',NULL,'N'),(192,1009,10,'S','0.00','65.09','10.00',200,200,'SYSTEM','SYSTEM','2017-07-08 22:58:39','2017-07-08 22:58:39',NULL,'N'),(193,1009,10,'M','0.00','65.09','10.00',200,200,'SYSTEM','SYSTEM','2017-07-08 22:58:39','2017-07-08 22:58:39',NULL,'N'),(194,1009,10,'L','0.00','65.09','10.00',200,200,'SYSTEM','SYSTEM','2017-07-08 22:58:39','2017-07-08 22:58:39',NULL,'N'),(195,1009,10,'XL','0.00','65.09','10.00',200,200,'SYSTEM','SYSTEM','2017-07-08 22:58:39','2017-07-08 22:58:39',NULL,'N'),(196,1009,10,'XXL','0.00','65.09','10.00',200,200,'SYSTEM','SYSTEM','2017-07-08 22:58:39','2017-07-08 22:58:39',NULL,'N'),(197,1009,11,'S','0.00','65.09','10.00',200,200,'SYSTEM','SYSTEM','2017-07-08 22:58:39','2017-07-08 22:58:39',NULL,'N'),(198,1009,11,'M','0.00','65.09','10.00',200,200,'SYSTEM','SYSTEM','2017-07-08 22:58:39','2017-07-08 22:58:39',NULL,'N'),(199,1009,11,'L','0.00','65.09','10.00',200,200,'SYSTEM','SYSTEM','2017-07-08 22:58:39','2017-07-08 22:58:39',NULL,'N'),(200,1009,11,'XL','0.00','65.09','10.00',200,200,'SYSTEM','SYSTEM','2017-07-08 22:58:39','2017-07-08 22:58:39',NULL,'N'),(201,1009,11,'XXL','0.00','65.09','10.00',200,200,'SYSTEM','SYSTEM','2017-07-08 22:58:39','2017-07-08 22:58:39',NULL,'N'),(202,1009,12,'S','0.00','65.09','10.00',200,200,'SYSTEM','SYSTEM','2017-07-08 22:58:39','2017-07-08 22:58:39',NULL,'N'),(203,1009,12,'M','0.00','65.09','10.00',200,200,'SYSTEM','SYSTEM','2017-07-08 22:58:39','2017-07-08 22:58:39',NULL,'N'),(204,1009,12,'L','0.00','65.09','10.00',200,200,'SYSTEM','SYSTEM','2017-07-08 22:58:39','2017-07-08 22:58:39',NULL,'N'),(205,1009,12,'XL','0.00','65.09','10.00',200,200,'SYSTEM','SYSTEM','2017-07-08 22:58:39','2017-07-08 22:58:39',NULL,'N'),(206,1009,12,'XXL','0.00','65.09','10.00',200,200,'SYSTEM','SYSTEM','2017-07-08 22:58:39','2017-07-08 22:58:39',NULL,'N'),(207,1009,13,'S','0.00','65.09','10.00',200,200,'SYSTEM','SYSTEM','2017-07-08 22:58:39','2017-07-08 22:58:39',NULL,'N'),(208,1009,13,'M','0.00','65.09','10.00',200,200,'SYSTEM','SYSTEM','2017-07-08 22:58:39','2017-07-08 22:58:39',NULL,'N'),(209,1009,13,'L','0.00','65.09','10.00',200,200,'SYSTEM','SYSTEM','2017-07-08 22:58:39','2017-07-08 22:58:39',NULL,'N'),(210,1009,13,'XL','0.00','65.09','10.00',200,200,'SYSTEM','SYSTEM','2017-07-08 22:58:39','2017-07-08 22:58:39',NULL,'N'),(211,1009,13,'XXL','0.00','65.09','10.00',200,200,'SYSTEM','SYSTEM','2017-07-08 22:58:39','2017-07-08 22:58:39',NULL,'N'),(212,1009,14,'S','0.00','65.09','10.00',200,200,'SYSTEM','SYSTEM','2017-07-08 22:58:39','2017-07-08 22:58:39',NULL,'N'),(213,1009,14,'M','0.00','65.09','10.00',200,200,'SYSTEM','SYSTEM','2017-07-08 22:58:39','2017-07-08 22:58:39',NULL,'N'),(214,1009,14,'L','0.00','65.09','10.00',200,200,'SYSTEM','SYSTEM','2017-07-08 22:58:39','2017-07-08 22:58:39',NULL,'N'),(215,1009,14,'XL','0.00','65.09','10.00',200,200,'SYSTEM','SYSTEM','2017-07-08 22:58:39','2017-07-08 22:58:39',NULL,'N'),(216,1009,14,'XXL','0.00','65.09','10.00',200,200,'SYSTEM','SYSTEM','2017-07-08 22:58:39','2017-07-08 22:58:39',NULL,'N'),(217,1010,9,'M','0.00','49.09','10.00',200,200,'SYSTEM','SYSTEM','2017-07-08 23:06:44','2017-07-08 23:06:44',NULL,'N'),(218,1010,9,'L','0.00','49.09','10.00',200,200,'SYSTEM','SYSTEM','2017-07-08 23:06:44','2017-07-08 23:06:44',NULL,'N'),(219,1010,9,'XL','0.00','49.09','10.00',200,200,'SYSTEM','SYSTEM','2017-07-08 23:06:44','2017-07-08 23:06:44',NULL,'N'),(220,1010,10,'M','0.00','49.09','10.00',200,200,'SYSTEM','SYSTEM','2017-07-08 23:06:44','2017-07-08 23:06:44',NULL,'N'),(221,1010,10,'L','0.00','49.09','10.00',200,200,'SYSTEM','SYSTEM','2017-07-08 23:06:44','2017-07-08 23:06:44',NULL,'N'),(222,1010,10,'XL','0.00','49.09','10.00',200,200,'SYSTEM','SYSTEM','2017-07-08 23:06:44','2017-07-08 23:06:44',NULL,'N'),(223,1010,13,'M','0.00','49.09','10.00',200,200,'SYSTEM','SYSTEM','2017-07-08 23:06:44','2017-07-08 23:06:44',NULL,'N'),(224,1010,13,'L','0.00','49.09','10.00',200,200,'SYSTEM','SYSTEM','2017-07-08 23:06:44','2017-07-08 23:06:44',NULL,'N'),(225,1010,13,'XL','0.00','49.09','10.00',200,200,'SYSTEM','SYSTEM','2017-07-08 23:06:44','2017-07-08 23:06:44',NULL,'N'),(226,1010,14,'M','0.00','49.09','10.00',200,200,'SYSTEM','SYSTEM','2017-07-08 23:06:44','2017-07-08 23:06:44',NULL,'N'),(227,1010,14,'L','0.00','49.09','10.00',200,200,'SYSTEM','SYSTEM','2017-07-08 23:06:44','2017-07-08 23:06:44',NULL,'N'),(228,1010,14,'XL','0.00','49.09','10.00',200,200,'SYSTEM','SYSTEM','2017-07-08 23:06:44','2017-07-08 23:06:44',NULL,'N'),(229,1011,9,'S','0.00','67.59','10.00',200,200,'SYSTEM','SYSTEM','2017-07-08 23:14:41','2017-07-08 23:14:41',NULL,'N'),(230,1011,9,'M','0.00','67.59','10.00',200,200,'SYSTEM','SYSTEM','2017-07-08 23:14:41','2017-07-08 23:14:41',NULL,'N'),(231,1011,9,'L','0.00','67.59','10.00',200,200,'SYSTEM','SYSTEM','2017-07-08 23:14:41','2017-07-08 23:14:41',NULL,'N'),(232,1011,9,'XL','0.00','67.59','10.00',200,200,'SYSTEM','SYSTEM','2017-07-08 23:14:41','2017-07-08 23:14:41',NULL,'N'),(233,1011,9,'XXL','0.00','67.59','10.00',200,200,'SYSTEM','SYSTEM','2017-07-08 23:14:41','2017-07-08 23:14:41',NULL,'N'),(234,1011,10,'S','0.00','67.59','10.00',200,200,'SYSTEM','SYSTEM','2017-07-08 23:14:41','2017-07-08 23:14:41',NULL,'N'),(235,1011,10,'M','0.00','67.59','10.00',200,200,'SYSTEM','SYSTEM','2017-07-08 23:14:41','2017-07-08 23:14:41',NULL,'N'),(236,1011,10,'L','0.00','67.59','10.00',200,200,'SYSTEM','SYSTEM','2017-07-08 23:14:41','2017-07-08 23:14:41',NULL,'N'),(237,1011,10,'XL','0.00','67.59','10.00',200,200,'SYSTEM','SYSTEM','2017-07-08 23:14:41','2017-07-08 23:14:41',NULL,'N'),(238,1011,10,'XXL','0.00','67.59','10.00',200,200,'SYSTEM','SYSTEM','2017-07-08 23:14:41','2017-07-08 23:14:41',NULL,'N'),(239,1011,11,'S','0.00','67.59','10.00',200,200,'SYSTEM','SYSTEM','2017-07-08 23:14:41','2017-07-08 23:14:41',NULL,'N'),(240,1011,11,'M','0.00','67.59','10.00',200,200,'SYSTEM','SYSTEM','2017-07-08 23:14:41','2017-07-08 23:14:41',NULL,'N'),(241,1011,11,'L','0.00','67.59','10.00',200,200,'SYSTEM','SYSTEM','2017-07-08 23:14:41','2017-07-08 23:14:41',NULL,'N'),(242,1011,11,'XL','0.00','67.59','10.00',200,200,'SYSTEM','SYSTEM','2017-07-08 23:14:41','2017-07-08 23:14:41',NULL,'N'),(243,1011,11,'XXL','0.00','67.59','10.00',200,200,'SYSTEM','SYSTEM','2017-07-08 23:14:41','2017-07-08 23:14:41',NULL,'N'),(244,1011,12,'S','0.00','67.59','10.00',200,200,'SYSTEM','SYSTEM','2017-07-08 23:14:41','2017-07-08 23:14:41',NULL,'N'),(245,1011,12,'M','0.00','67.59','10.00',200,200,'SYSTEM','SYSTEM','2017-07-08 23:14:41','2017-07-08 23:14:41',NULL,'N'),(246,1011,12,'L','0.00','67.59','10.00',200,200,'SYSTEM','SYSTEM','2017-07-08 23:14:41','2017-07-08 23:14:41',NULL,'N'),(247,1011,12,'XL','0.00','67.59','10.00',200,200,'SYSTEM','SYSTEM','2017-07-08 23:14:41','2017-07-08 23:14:41',NULL,'N'),(248,1011,12,'XXL','0.00','67.59','10.00',200,200,'SYSTEM','SYSTEM','2017-07-08 23:14:41','2017-07-08 23:14:41',NULL,'N'),(249,1013,9,'S','0.00','145.00','10.00',200,200,'SYSTEM','SYSTEM','2017-07-08 23:28:37','2017-07-08 23:28:37',NULL,'N'),(250,1013,9,'M','0.00','145.00','10.00',200,200,'SYSTEM','SYSTEM','2017-07-08 23:28:37','2017-07-08 23:28:37',NULL,'N'),(251,1013,9,'L','0.00','145.00','10.00',200,200,'SYSTEM','SYSTEM','2017-07-08 23:28:37','2017-07-08 23:28:37',NULL,'N'),(252,1013,9,'XL','0.00','145.00','10.00',200,200,'SYSTEM','SYSTEM','2017-07-08 23:28:37','2017-07-08 23:28:37',NULL,'N'),(253,1013,9,'XXL','0.00','145.00','10.00',200,200,'SYSTEM','SYSTEM','2017-07-08 23:28:37','2017-07-08 23:28:37',NULL,'N'),(254,1013,10,'S','0.00','145.00','10.00',200,200,'SYSTEM','SYSTEM','2017-07-08 23:28:37','2017-07-08 23:28:37',NULL,'N'),(255,1013,10,'M','0.00','145.00','10.00',200,200,'SYSTEM','SYSTEM','2017-07-08 23:28:37','2017-07-08 23:28:37',NULL,'N'),(256,1013,10,'L','0.00','145.00','10.00',200,200,'SYSTEM','SYSTEM','2017-07-08 23:28:37','2017-07-08 23:28:37',NULL,'N'),(257,1013,10,'XL','0.00','145.00','10.00',200,200,'SYSTEM','SYSTEM','2017-07-08 23:28:37','2017-07-08 23:28:37',NULL,'N'),(258,1013,10,'XXL','0.00','145.00','10.00',200,200,'SYSTEM','SYSTEM','2017-07-08 23:28:37','2017-07-08 23:28:37',NULL,'N'),(259,1013,11,'S','0.00','145.00','10.00',200,200,'SYSTEM','SYSTEM','2017-07-08 23:28:37','2017-07-08 23:28:37',NULL,'N'),(260,1013,11,'M','0.00','145.00','10.00',200,200,'SYSTEM','SYSTEM','2017-07-08 23:28:37','2017-07-08 23:28:37',NULL,'N'),(261,1013,11,'L','0.00','145.00','10.00',200,200,'SYSTEM','SYSTEM','2017-07-08 23:28:37','2017-07-08 23:28:37',NULL,'N'),(262,1013,11,'XL','0.00','145.00','10.00',200,200,'SYSTEM','SYSTEM','2017-07-08 23:28:37','2017-07-08 23:28:37',NULL,'N'),(263,1013,11,'XXL','0.00','145.00','10.00',200,200,'SYSTEM','SYSTEM','2017-07-08 23:28:37','2017-07-08 23:28:37',NULL,'N'),(264,1013,12,'S','0.00','145.00','10.00',200,200,'SYSTEM','SYSTEM','2017-07-08 23:28:37','2017-07-08 23:28:37',NULL,'N'),(265,1013,12,'M','0.00','145.00','10.00',200,200,'SYSTEM','SYSTEM','2017-07-08 23:28:37','2017-07-08 23:28:37',NULL,'N'),(266,1013,12,'L','0.00','145.00','10.00',200,200,'SYSTEM','SYSTEM','2017-07-08 23:28:37','2017-07-08 23:28:37',NULL,'N'),(267,1013,12,'XL','0.00','145.00','10.00',200,200,'SYSTEM','SYSTEM','2017-07-08 23:28:37','2017-07-08 23:28:37',NULL,'N'),(268,1013,12,'XXL','0.00','145.00','10.00',200,200,'SYSTEM','SYSTEM','2017-07-08 23:28:37','2017-07-08 23:28:37',NULL,'N'),(269,1014,9,'S','0.00','175.00','10.00',200,200,'SYSTEM','SYSTEM','2017-07-08 23:41:37','2017-07-08 23:41:37',NULL,'N'),(270,1014,9,'M','0.00','175.00','10.00',200,200,'SYSTEM','SYSTEM','2017-07-08 23:41:37','2017-07-08 23:41:37',NULL,'N'),(271,1014,9,'L','0.00','175.00','10.00',200,200,'SYSTEM','SYSTEM','2017-07-08 23:41:37','2017-07-08 23:41:37',NULL,'N'),(272,1014,9,'XL','0.00','175.00','10.00',200,200,'SYSTEM','SYSTEM','2017-07-08 23:41:37','2017-07-08 23:41:37',NULL,'N'),(273,1014,10,'S','0.00','175.00','10.00',200,200,'SYSTEM','SYSTEM','2017-07-08 23:41:37','2017-07-08 23:41:37',NULL,'N'),(274,1014,10,'M','0.00','175.00','10.00',200,200,'SYSTEM','SYSTEM','2017-07-08 23:41:37','2017-07-08 23:41:37',NULL,'N'),(275,1014,10,'L','0.00','175.00','10.00',200,200,'SYSTEM','SYSTEM','2017-07-08 23:41:37','2017-07-08 23:41:37',NULL,'N'),(276,1014,10,'XL','0.00','175.00','10.00',200,200,'SYSTEM','SYSTEM','2017-07-08 23:41:37','2017-07-08 23:41:37',NULL,'N'),(277,1014,14,'S','0.00','175.00','10.00',200,200,'SYSTEM','SYSTEM','2017-07-08 23:41:37','2017-07-08 23:41:37',NULL,'N'),(278,1014,14,'M','0.00','175.00','10.00',200,200,'SYSTEM','SYSTEM','2017-07-08 23:41:37','2017-07-08 23:41:37',NULL,'N'),(279,1014,14,'L','0.00','175.00','10.00',200,200,'SYSTEM','SYSTEM','2017-07-08 23:41:37','2017-07-08 23:41:37',NULL,'N'),(280,1014,14,'XL','0.00','175.00','10.00',200,200,'SYSTEM','SYSTEM','2017-07-08 23:41:37','2017-07-08 23:41:37',NULL,'N'),(281,1015,9,'S','0.00','331.60','10.00',200,200,'SYSTEM','SYSTEM','2017-07-08 23:44:56','2017-07-08 23:44:56',NULL,'N'),(282,1015,9,'L','0.00','331.60','10.00',200,200,'SYSTEM','SYSTEM','2017-07-08 23:44:56','2017-07-08 23:44:56',NULL,'N'),(283,1015,9,'XL','0.00','331.60','10.00',200,200,'SYSTEM','SYSTEM','2017-07-08 23:44:56','2017-07-08 23:44:56',NULL,'N'),(284,1015,10,'S','0.00','331.60','10.00',200,200,'SYSTEM','SYSTEM','2017-07-08 23:44:56','2017-07-08 23:44:56',NULL,'N'),(285,1015,10,'L','0.00','331.60','10.00',200,200,'SYSTEM','SYSTEM','2017-07-08 23:44:56','2017-07-08 23:44:56',NULL,'N'),(286,1015,10,'XL','0.00','331.60','10.00',200,200,'SYSTEM','SYSTEM','2017-07-08 23:44:56','2017-07-08 23:44:56',NULL,'N'),(287,1015,11,'S','0.00','331.60','10.00',200,200,'SYSTEM','SYSTEM','2017-07-08 23:44:56','2017-07-08 23:44:56',NULL,'N'),(288,1015,11,'L','0.00','331.60','10.00',200,200,'SYSTEM','SYSTEM','2017-07-08 23:44:56','2017-07-08 23:44:56',NULL,'N'),(289,1015,11,'XL','0.00','331.60','10.00',200,200,'SYSTEM','SYSTEM','2017-07-08 23:44:56','2017-07-08 23:44:56',NULL,'N'),(290,1015,13,'S','0.00','331.60','10.00',200,200,'SYSTEM','SYSTEM','2017-07-08 23:44:56','2017-07-08 23:44:56',NULL,'N'),(291,1015,13,'L','0.00','331.60','10.00',200,200,'SYSTEM','SYSTEM','2017-07-08 23:44:56','2017-07-08 23:44:56',NULL,'N'),(292,1015,13,'XL','0.00','331.60','10.00',200,200,'SYSTEM','SYSTEM','2017-07-08 23:44:56','2017-07-08 23:44:56',NULL,'N'),(293,1016,9,'S','0.00','139.80','10.00',200,200,'SYSTEM','SYSTEM','2017-07-08 23:48:28','2017-07-08 23:48:28',NULL,'N'),(294,1016,9,'L','0.00','139.80','10.00',200,200,'SYSTEM','SYSTEM','2017-07-08 23:48:28','2017-07-08 23:48:28',NULL,'N'),(295,1016,9,'XL','0.00','139.80','10.00',200,200,'SYSTEM','SYSTEM','2017-07-08 23:48:28','2017-07-08 23:48:28',NULL,'N'),(296,1016,9,'XXL','0.00','139.80','10.00',200,200,'SYSTEM','SYSTEM','2017-07-08 23:48:28','2017-07-08 23:48:28',NULL,'N'),(297,1016,10,'S','0.00','139.80','10.00',200,200,'SYSTEM','SYSTEM','2017-07-08 23:48:28','2017-07-08 23:48:28',NULL,'N'),(298,1016,10,'L','0.00','139.80','10.00',200,200,'SYSTEM','SYSTEM','2017-07-08 23:48:28','2017-07-08 23:48:28',NULL,'N'),(299,1016,10,'XL','0.00','139.80','10.00',200,200,'SYSTEM','SYSTEM','2017-07-08 23:48:28','2017-07-08 23:48:28',NULL,'N'),(300,1016,10,'XXL','0.00','139.80','10.00',200,200,'SYSTEM','SYSTEM','2017-07-08 23:48:28','2017-07-08 23:48:28',NULL,'N'),(301,1016,11,'S','0.00','139.80','10.00',200,200,'SYSTEM','SYSTEM','2017-07-08 23:48:28','2017-07-08 23:48:28',NULL,'N'),(302,1016,11,'L','0.00','139.80','10.00',200,200,'SYSTEM','SYSTEM','2017-07-08 23:48:28','2017-07-08 23:48:28',NULL,'N'),(303,1016,11,'XL','0.00','139.80','10.00',200,200,'SYSTEM','SYSTEM','2017-07-08 23:48:28','2017-07-08 23:48:28',NULL,'N'),(304,1016,11,'XXL','0.00','139.80','10.00',200,200,'SYSTEM','SYSTEM','2017-07-08 23:48:28','2017-07-08 23:48:28',NULL,'N'),(305,1017,9,'M','0.00','165.80','10.00',200,200,'SYSTEM','SYSTEM','2017-07-08 23:54:09','2017-07-08 23:54:09',NULL,'N'),(306,1017,9,'L','0.00','165.80','10.00',200,200,'SYSTEM','SYSTEM','2017-07-08 23:54:09','2017-07-08 23:54:09',NULL,'N'),(307,1017,9,'XL','0.00','165.80','10.00',200,200,'SYSTEM','SYSTEM','2017-07-08 23:54:09','2017-07-08 23:54:09',NULL,'N'),(308,1017,10,'M','0.00','165.80','10.00',200,200,'SYSTEM','SYSTEM','2017-07-08 23:54:09','2017-07-08 23:54:09',NULL,'N'),(309,1017,10,'L','0.00','165.80','10.00',200,200,'SYSTEM','SYSTEM','2017-07-08 23:54:09','2017-07-08 23:54:09',NULL,'N'),(310,1017,10,'XL','0.00','165.80','10.00',200,200,'SYSTEM','SYSTEM','2017-07-08 23:54:09','2017-07-08 23:54:09',NULL,'N'),(311,1017,11,'M','0.00','165.80','10.00',200,200,'SYSTEM','SYSTEM','2017-07-08 23:54:09','2017-07-08 23:54:09',NULL,'N'),(312,1017,11,'L','0.00','165.80','10.00',200,200,'SYSTEM','SYSTEM','2017-07-08 23:54:09','2017-07-08 23:54:09',NULL,'N'),(313,1017,11,'XL','0.00','165.80','10.00',200,200,'SYSTEM','SYSTEM','2017-07-08 23:54:09','2017-07-08 23:54:09',NULL,'N'),(314,1018,9,'S','0.00','108.00','10.00',200,200,'SYSTEM','SYSTEM','2017-07-08 23:58:07','2017-07-08 23:58:07',NULL,'N'),(315,1018,9,'M','0.00','108.00','10.00',200,200,'SYSTEM','SYSTEM','2017-07-08 23:58:07','2017-07-08 23:58:07',NULL,'N'),(316,1018,9,'L','0.00','108.00','10.00',200,200,'SYSTEM','SYSTEM','2017-07-08 23:58:07','2017-07-08 23:58:07',NULL,'N'),(317,1018,9,'XL','0.00','108.00','10.00',200,200,'SYSTEM','SYSTEM','2017-07-08 23:58:07','2017-07-08 23:58:07',NULL,'N'),(318,1018,10,'S','0.00','108.00','10.00',200,200,'SYSTEM','SYSTEM','2017-07-08 23:58:07','2017-07-08 23:58:07',NULL,'N'),(319,1018,10,'M','0.00','108.00','10.00',200,200,'SYSTEM','SYSTEM','2017-07-08 23:58:07','2017-07-08 23:58:07',NULL,'N'),(320,1018,10,'L','0.00','108.00','10.00',200,200,'SYSTEM','SYSTEM','2017-07-08 23:58:07','2017-07-08 23:58:07',NULL,'N'),(321,1018,10,'XL','0.00','108.00','10.00',200,200,'SYSTEM','SYSTEM','2017-07-08 23:58:07','2017-07-08 23:58:07',NULL,'N'),(322,1018,11,'S','0.00','108.00','10.00',200,200,'SYSTEM','SYSTEM','2017-07-08 23:58:07','2017-07-08 23:58:07',NULL,'N'),(323,1018,11,'M','0.00','108.00','10.00',200,200,'SYSTEM','SYSTEM','2017-07-08 23:58:07','2017-07-08 23:58:07',NULL,'N'),(324,1018,11,'L','0.00','108.00','10.00',200,200,'SYSTEM','SYSTEM','2017-07-08 23:58:07','2017-07-08 23:58:07',NULL,'N'),(325,1018,11,'XL','0.00','108.00','10.00',200,200,'SYSTEM','SYSTEM','2017-07-08 23:58:07','2017-07-08 23:58:07',NULL,'N'),(326,1018,13,'S','0.00','108.00','10.00',200,200,'SYSTEM','SYSTEM','2017-07-08 23:58:07','2017-07-08 23:58:07',NULL,'N'),(327,1018,13,'M','0.00','108.00','10.00',200,200,'SYSTEM','SYSTEM','2017-07-08 23:58:07','2017-07-08 23:58:07',NULL,'N'),(328,1018,13,'L','0.00','108.00','10.00',200,200,'SYSTEM','SYSTEM','2017-07-08 23:58:07','2017-07-08 23:58:07',NULL,'N'),(329,1018,13,'XL','0.00','108.00','10.00',200,200,'SYSTEM','SYSTEM','2017-07-08 23:58:07','2017-07-08 23:58:07',NULL,'N'),(330,1018,14,'S','0.00','108.00','10.00',200,200,'SYSTEM','SYSTEM','2017-07-08 23:58:07','2017-07-08 23:58:07',NULL,'N'),(331,1018,14,'M','0.00','108.00','10.00',200,200,'SYSTEM','SYSTEM','2017-07-08 23:58:07','2017-07-08 23:58:07',NULL,'N'),(332,1018,14,'L','0.00','108.00','10.00',200,200,'SYSTEM','SYSTEM','2017-07-08 23:58:07','2017-07-08 23:58:07',NULL,'N'),(333,1018,14,'XL','0.00','108.00','10.00',200,200,'SYSTEM','SYSTEM','2017-07-08 23:58:07','2017-07-08 23:58:07',NULL,'N'),(334,1019,9,'S','0.00','88.00','10.00',200,200,'SYSTEM','SYSTEM','2017-07-11 20:59:41','2017-07-11 20:59:41',NULL,'N'),(335,1019,9,'L','0.00','212.00','10.00',200,200,'SYSTEM','SYSTEM','2017-07-11 20:59:41','2017-07-11 20:59:41',NULL,'N'),(336,1019,9,'XL','0.00','77.00','10.00',200,200,'SYSTEM','SYSTEM','2017-07-11 20:59:41','2017-07-11 20:59:41',NULL,'N'),(337,1019,9,'XXL','0.00','76.00','10.00',200,200,'SYSTEM','SYSTEM','2017-07-11 20:59:41','2017-07-11 20:59:41',NULL,'N'),(338,1019,10,'S','0.00','10.00','10.00',0,200,'SYSTEM','SYSTEM','2017-07-11 20:59:41','2017-07-11 20:59:41',NULL,'N'),(339,1019,10,'L','0.00','32.00','10.00',0,200,'SYSTEM','SYSTEM','2017-07-11 20:59:41','2017-07-11 20:59:41',NULL,'N'),(340,1019,10,'XL','0.00','22.00','10.00',200,200,'SYSTEM','SYSTEM','2017-07-11 20:59:41','2017-07-11 20:59:41',NULL,'N'),(341,1019,10,'XXL','0.00','21.00','10.00',200,200,'SYSTEM','SYSTEM','2017-07-11 20:59:41','2017-07-11 20:59:41',NULL,'N'),(342,4,9,'S','0.00','0.00','10.00',0,200,'SYSTEM','SYSTEM','2017-11-30 09:53:43','2017-11-30 09:53:43',NULL,'N'),(343,4,9,'M','0.00','0.00','10.00',0,200,'SYSTEM','SYSTEM','2017-11-30 09:53:43','2017-11-30 09:53:43',NULL,'N'),(344,4,9,'L','0.00','0.00','10.00',0,200,'SYSTEM','SYSTEM','2017-11-30 09:53:43','2017-11-30 09:53:43',NULL,'N'),(345,4,9,'XL','0.00','0.00','10.00',0,200,'SYSTEM','SYSTEM','2017-11-30 09:53:43','2017-11-30 09:53:43',NULL,'N'),(346,4,10,'S','0.00','0.00','10.00',0,200,'SYSTEM','SYSTEM','2017-11-30 09:53:43','2017-11-30 09:53:43',NULL,'N'),(347,4,10,'M','0.00','0.00','10.00',0,200,'SYSTEM','SYSTEM','2017-11-30 09:53:43','2017-11-30 09:53:43',NULL,'N'),(348,4,10,'L','0.00','0.00','10.00',0,200,'SYSTEM','SYSTEM','2017-11-30 09:53:43','2017-11-30 09:53:43',NULL,'N'),(349,4,10,'XL','0.00','0.00','10.00',0,200,'SYSTEM','SYSTEM','2017-11-30 09:53:43','2017-11-30 09:53:43',NULL,'N'),(350,4,11,'S','0.00','0.00','10.00',0,200,'SYSTEM','SYSTEM','2017-11-30 09:53:43','2017-11-30 09:53:43',NULL,'N'),(351,4,11,'M','0.00','0.00','10.00',0,200,'SYSTEM','SYSTEM','2017-11-30 09:53:43','2017-11-30 09:53:43',NULL,'N'),(352,4,11,'L','0.00','0.00','10.00',0,200,'SYSTEM','SYSTEM','2017-11-30 09:53:43','2017-11-30 09:53:43',NULL,'N'),(353,4,11,'XL','0.00','0.00','10.00',0,200,'SYSTEM','SYSTEM','2017-11-30 09:53:43','2017-11-30 09:53:43',NULL,'N'),(354,4,14,'S','0.00','0.00','10.00',0,200,'SYSTEM','SYSTEM','2017-11-30 09:53:43','2017-11-30 09:53:43',NULL,'N'),(355,4,14,'M','0.00','0.00','10.00',0,200,'SYSTEM','SYSTEM','2017-11-30 09:53:43','2017-11-30 09:53:43',NULL,'N'),(356,4,14,'L','0.00','0.00','10.00',0,200,'SYSTEM','SYSTEM','2017-11-30 09:53:43','2017-11-30 09:53:43',NULL,'N'),(357,4,14,'XL','0.00','0.00','10.00',0,200,'SYSTEM','SYSTEM','2017-11-30 09:53:43','2017-11-30 09:53:43',NULL,'N'),(358,4,15,'S','0.00','0.00','10.00',0,200,'SYSTEM','SYSTEM','2017-11-30 09:53:43','2017-11-30 09:53:43',NULL,'N'),(359,4,15,'M','0.00','0.00','10.00',0,200,'SYSTEM','SYSTEM','2017-11-30 09:53:43','2017-11-30 09:53:43',NULL,'N'),(360,4,15,'L','0.00','0.00','10.00',0,200,'SYSTEM','SYSTEM','2017-11-30 09:53:43','2017-11-30 09:53:43',NULL,'N'),(361,4,15,'XL','0.00','0.00','10.00',0,200,'SYSTEM','SYSTEM','2017-11-30 09:53:43','2017-11-30 09:53:43',NULL,'N'),(362,5,9,'S','0.00','0.00','10.00',0,200,'SYSTEM','SYSTEM','2017-11-30 10:18:22','2017-11-30 10:18:22',NULL,'N'),(363,5,9,'M','0.00','0.00','10.00',0,200,'SYSTEM','SYSTEM','2017-11-30 10:18:22','2017-11-30 10:18:22',NULL,'N'),(364,5,9,'L','0.00','0.00','10.00',0,200,'SYSTEM','SYSTEM','2017-11-30 10:18:22','2017-11-30 10:18:22',NULL,'N'),(365,5,9,'XL','0.00','0.00','10.00',0,200,'SYSTEM','SYSTEM','2017-11-30 10:18:22','2017-11-30 10:18:22',NULL,'N'),(366,5,9,'XXL','0.00','0.00','10.00',0,200,'SYSTEM','SYSTEM','2017-11-30 10:18:22','2017-11-30 10:18:22',NULL,'N'),(367,5,10,'S','0.00','0.00','10.00',0,200,'SYSTEM','SYSTEM','2017-11-30 10:18:22','2017-11-30 10:18:22',NULL,'N'),(368,5,10,'M','0.00','0.00','10.00',0,200,'SYSTEM','SYSTEM','2017-11-30 10:18:22','2017-11-30 10:18:22',NULL,'N'),(369,5,10,'L','0.00','0.00','10.00',0,200,'SYSTEM','SYSTEM','2017-11-30 10:18:22','2017-11-30 10:18:22',NULL,'N'),(370,5,10,'XL','0.00','0.00','10.00',0,200,'SYSTEM','SYSTEM','2017-11-30 10:18:22','2017-11-30 10:18:22',NULL,'N'),(371,5,10,'XXL','0.00','0.00','10.00',0,200,'SYSTEM','SYSTEM','2017-11-30 10:18:22','2017-11-30 10:18:22',NULL,'N'),(372,5,11,'S','0.00','0.00','10.00',0,200,'SYSTEM','SYSTEM','2017-11-30 10:18:22','2017-11-30 10:18:22',NULL,'N'),(373,5,11,'M','0.00','0.00','10.00',0,200,'SYSTEM','SYSTEM','2017-11-30 10:18:22','2017-11-30 10:18:22',NULL,'N'),(374,5,11,'L','0.00','0.00','10.00',0,200,'SYSTEM','SYSTEM','2017-11-30 10:18:22','2017-11-30 10:18:22',NULL,'N'),(375,5,11,'XL','0.00','0.00','10.00',0,200,'SYSTEM','SYSTEM','2017-11-30 10:18:22','2017-11-30 10:18:22',NULL,'N'),(376,5,11,'XXL','0.00','0.00','10.00',0,200,'SYSTEM','SYSTEM','2017-11-30 10:18:22','2017-11-30 10:18:22',NULL,'N'),(377,6,9,'S','0.00','0.00','10.00',0,200,'SYSTEM','SYSTEM','2017-11-30 16:28:28','2017-11-30 16:28:28',NULL,'N'),(378,6,9,'M','0.00','0.00','10.00',0,200,'SYSTEM','SYSTEM','2017-11-30 16:28:28','2017-11-30 16:28:28',NULL,'N'),(379,6,9,'L','0.00','0.00','10.00',0,200,'SYSTEM','SYSTEM','2017-11-30 16:28:28','2017-11-30 16:28:28',NULL,'N'),(380,6,9,'XL','0.00','0.00','10.00',0,200,'SYSTEM','SYSTEM','2017-11-30 16:28:28','2017-11-30 16:28:28',NULL,'N'),(381,6,9,'XLL','0.00','0.00','10.00',0,200,'SYSTEM','SYSTEM','2017-11-30 16:28:28','2017-11-30 16:28:28',NULL,'N'),(382,6,10,'S','0.00','0.00','10.00',0,200,'SYSTEM','SYSTEM','2017-11-30 16:28:28','2017-11-30 16:28:28',NULL,'N'),(383,6,10,'M','0.00','0.00','10.00',0,200,'SYSTEM','SYSTEM','2017-11-30 16:28:28','2017-11-30 16:28:28',NULL,'N'),(384,6,10,'L','0.00','0.00','10.00',0,200,'SYSTEM','SYSTEM','2017-11-30 16:28:28','2017-11-30 16:28:28',NULL,'N'),(385,6,10,'XL','0.00','0.00','10.00',0,200,'SYSTEM','SYSTEM','2017-11-30 16:28:28','2017-11-30 16:28:28',NULL,'N'),(386,6,10,'XLL','0.00','0.00','10.00',0,200,'SYSTEM','SYSTEM','2017-11-30 16:28:28','2017-11-30 16:28:28',NULL,'N'),(387,6,11,'S','0.00','0.00','10.00',0,200,'SYSTEM','SYSTEM','2017-11-30 16:28:28','2017-11-30 16:28:28',NULL,'N'),(388,6,11,'M','0.00','0.00','10.00',0,200,'SYSTEM','SYSTEM','2017-11-30 16:28:28','2017-11-30 16:28:28',NULL,'N'),(389,6,11,'L','0.00','0.00','10.00',0,200,'SYSTEM','SYSTEM','2017-11-30 16:28:28','2017-11-30 16:28:28',NULL,'N'),(390,6,11,'XL','0.00','0.00','10.00',0,200,'SYSTEM','SYSTEM','2017-11-30 16:28:28','2017-11-30 16:28:28',NULL,'N'),(391,6,11,'XLL','0.00','0.00','10.00',0,200,'SYSTEM','SYSTEM','2017-11-30 16:28:28','2017-11-30 16:28:28',NULL,'N'),(392,6,12,'S','0.00','0.00','10.00',0,200,'SYSTEM','SYSTEM','2017-11-30 16:28:28','2017-11-30 16:28:28',NULL,'N'),(393,6,12,'M','0.00','0.00','10.00',0,200,'SYSTEM','SYSTEM','2017-11-30 16:28:28','2017-11-30 16:28:28',NULL,'N'),(394,6,12,'L','0.00','0.00','10.00',0,200,'SYSTEM','SYSTEM','2017-11-30 16:28:28','2017-11-30 16:28:28',NULL,'N'),(395,6,12,'XL','0.00','0.00','10.00',0,200,'SYSTEM','SYSTEM','2017-11-30 16:28:28','2017-11-30 16:28:28',NULL,'N'),(396,6,12,'XLL','0.00','0.00','10.00',0,200,'SYSTEM','SYSTEM','2017-11-30 16:28:28','2017-11-30 16:28:28',NULL,'N'),(397,6,13,'S','0.00','0.00','10.00',0,200,'SYSTEM','SYSTEM','2017-11-30 16:28:28','2017-11-30 16:28:28',NULL,'N'),(398,6,13,'M','0.00','0.00','10.00',0,200,'SYSTEM','SYSTEM','2017-11-30 16:28:28','2017-11-30 16:28:28',NULL,'N'),(399,6,13,'L','0.00','0.00','10.00',0,200,'SYSTEM','SYSTEM','2017-11-30 16:28:28','2017-11-30 16:28:28',NULL,'N'),(400,6,13,'XL','0.00','0.00','10.00',0,200,'SYSTEM','SYSTEM','2017-11-30 16:28:28','2017-11-30 16:28:28',NULL,'N'),(401,6,13,'XLL','0.00','0.00','10.00',0,200,'SYSTEM','SYSTEM','2017-11-30 16:28:28','2017-11-30 16:28:28',NULL,'N'),(402,1002,9,'M','0.00','0.00','10.00',0,200,'SYSTEM','SYSTEM','2017-12-05 16:55:51','2017-12-05 17:37:32',NULL,'Y'),(403,1002,9,'L','0.00','0.00','10.00',0,200,'SYSTEM','SYSTEM','2017-12-05 16:55:51','2017-12-05 17:37:32',NULL,'Y'),(404,1002,9,'XL','0.00','0.00','10.00',0,200,'SYSTEM','SYSTEM','2017-12-05 16:55:51','2017-12-05 17:37:32',NULL,'Y'),(405,1002,10,'M','0.00','0.00','10.00',0,200,'SYSTEM','SYSTEM','2017-12-05 16:55:51','2017-12-05 17:37:32',NULL,'Y'),(406,1002,10,'L','0.00','0.00','10.00',0,200,'SYSTEM','SYSTEM','2017-12-05 16:55:51','2017-12-05 17:37:32',NULL,'Y'),(407,1002,10,'XL','0.00','0.00','10.00',0,200,'SYSTEM','SYSTEM','2017-12-05 16:55:51','2017-12-05 17:37:32',NULL,'Y'),(408,1002,11,'M','0.00','0.00','10.00',0,200,'SYSTEM','SYSTEM','2017-12-05 16:55:51','2017-12-05 17:37:32',NULL,'Y'),(409,1002,11,'L','0.00','0.00','10.00',0,200,'SYSTEM','SYSTEM','2017-12-05 16:55:51','2017-12-05 17:37:32',NULL,'Y'),(410,1002,11,'XL','0.00','0.00','10.00',0,200,'SYSTEM','SYSTEM','2017-12-05 16:55:51','2017-12-05 17:37:32',NULL,'Y'),(411,1002,18,'M','0.00','0.00','10.00',0,200,'SYSTEM','SYSTEM','2017-12-05 16:55:51','2017-12-05 17:37:32',NULL,'Y'),(412,1002,18,'L','0.00','0.00','10.00',0,200,'SYSTEM','SYSTEM','2017-12-05 16:55:51','2017-12-05 17:37:32',NULL,'Y'),(413,1002,18,'XL','0.00','0.00','10.00',0,200,'SYSTEM','SYSTEM','2017-12-05 16:55:51','2017-12-05 17:37:32',NULL,'Y'),(414,1002,19,'M','0.00','0.00','10.00',0,200,'SYSTEM','SYSTEM','2017-12-05 16:55:51','2017-12-05 17:37:32',NULL,'Y'),(415,1002,19,'L','0.00','0.00','10.00',0,200,'SYSTEM','SYSTEM','2017-12-05 16:55:51','2017-12-05 17:37:32',NULL,'Y'),(416,1002,19,'XL','0.00','0.00','10.00',0,200,'SYSTEM','SYSTEM','2017-12-05 16:55:51','2017-12-05 17:37:32',NULL,'Y'),(417,1002,22,'M','0.00','0.00','10.00',0,200,'SYSTEM','SYSTEM','2017-12-05 16:55:51','2017-12-05 17:37:32',NULL,'Y'),(418,1002,22,'L','0.00','0.00','10.00',0,200,'SYSTEM','SYSTEM','2017-12-05 16:55:51','2017-12-05 17:37:32',NULL,'Y'),(419,1002,22,'XL','0.00','0.00','10.00',0,200,'SYSTEM','SYSTEM','2017-12-05 16:55:51','2017-12-05 17:37:32',NULL,'Y'),(420,1002,9,'S','0.00','0.00','10.00',0,200,'SYSTEM','SYSTEM','2017-12-05 17:31:56','2017-12-05 17:37:32',NULL,'Y'),(421,1002,11,'S','0.00','0.00','10.00',0,200,'SYSTEM','SYSTEM','2017-12-05 17:31:56','2017-12-05 17:37:32',NULL,'Y'),(422,1002,18,'S','0.00','0.00','10.00',0,200,'SYSTEM','SYSTEM','2017-12-05 17:31:56','2017-12-05 17:37:32',NULL,'Y'),(423,1002,19,'S','0.00','0.00','10.00',0,200,'SYSTEM','SYSTEM','2017-12-05 17:31:56','2017-12-05 17:37:32',NULL,'Y'),(424,1002,22,'S','0.00','0.00','10.00',0,200,'SYSTEM','SYSTEM','2017-12-05 17:31:56','2017-12-05 17:37:32',NULL,'Y'),(425,1002,9,'S','0.00','0.00','10.00',0,200,'SYSTEM','SYSTEM','2017-12-05 17:37:32','2017-12-07 10:05:26',NULL,'Y'),(426,1002,9,'M','0.00','0.00','10.00',0,200,'SYSTEM','SYSTEM','2017-12-05 17:37:32','2017-12-07 10:06:20',NULL,'Y'),(427,1002,11,'S','0.00','0.00','10.00',0,200,'SYSTEM','SYSTEM','2017-12-05 17:37:32','2017-12-07 10:05:30',NULL,'Y'),(428,1002,11,'M','0.00','0.00','10.00',0,200,'SYSTEM','SYSTEM','2017-12-05 17:37:32','2017-12-07 11:03:12',NULL,'Y'),(429,1002,18,'S','0.00','0.00','10.00',0,200,'SYSTEM','SYSTEM','2017-12-05 17:37:32','2017-12-07 10:32:02',NULL,'Y'),(430,1002,18,'M','0.00','0.00','10.00',0,200,'SYSTEM','SYSTEM','2017-12-05 17:37:32','2017-12-07 11:13:49',NULL,'Y'),(431,1002,19,'S','44.00','0.00','330.00',323,2088,'SYSTEM','SYSTEM','2017-12-05 17:37:32','2017-12-07 15:46:53',NULL,'N'),(432,1002,19,'M','32.00','0.00','10.00',323,233,'SYSTEM','SYSTEM','2017-12-05 17:37:32','2017-12-07 15:47:57',NULL,'N'),(433,1002,22,'S','0.00','0.00','10.00',0,200,'SYSTEM','SYSTEM','2017-12-05 17:37:32','2017-12-07 10:32:29',NULL,'Y'),(434,1002,22,'M','0.00','0.00','10.00',0,200,'SYSTEM','SYSTEM','2017-12-05 17:37:32','2017-12-07 10:32:05',NULL,'Y');

/*Table structure for table `cy_user` */

DROP TABLE IF EXISTS `cy_user`;

CREATE TABLE `cy_user` (
  `id` int(64) NOT NULL AUTO_INCREMENT COMMENT '主键',
  `username` varchar(50) DEFAULT NULL COMMENT '用户名',
  `password` varchar(50) DEFAULT NULL COMMENT '密码',
  `name` varchar(50) DEFAULT NULL COMMENT '中文名',
  `email` varchar(50) DEFAULT NULL COMMENT '邮箱地址',
  `phone` varchar(20) DEFAULT NULL COMMENT '手机号码',
  `is_enable` tinyint(1) DEFAULT NULL COMMENT '是否可用',
  `login_ip` varchar(20) DEFAULT NULL COMMENT '最后登录IP',
  `operate_date` datetime DEFAULT NULL COMMENT '最后登陆时间',
  `create_time` datetime NOT NULL COMMENT '创建时间',
  `update_time` datetime NOT NULL COMMENT '修改时间',
  `creator` varchar(10) NOT NULL DEFAULT 'SYSTEM' COMMENT '创建者',
  `modifier` varchar(10) NOT NULL DEFAULT 'SYSTEM' COMMENT '修改者',
  `extra_info` varchar(128) DEFAULT NULL COMMENT '扩展字段',
  `is_deleted` char(1) NOT NULL DEFAULT 'N' COMMENT '是否删除（Y：是，N：否）',
  PRIMARY KEY (`id`)
) ENGINE=InnoDB AUTO_INCREMENT=7 DEFAULT CHARSET=utf8;

/*Data for the table `cy_user` */

insert  into `cy_user`(`id`,`username`,`password`,`name`,`email`,`phone`,`is_enable`,`login_ip`,`operate_date`,`create_time`,`update_time`,`creator`,`modifier`,`extra_info`,`is_deleted`) values (1,'admin','21232f297a57a5a743894a0e4a801fc3','超级管理员','','',1,NULL,'2018-01-12 11:41:06','2017-12-28 15:51:23','2017-12-28 15:51:42','SYSTEM','SYSTEM','','N'),(5,'caoyong','8df953dce95658aadb2e3e6221590bda','曹勇','caoyong@lvmama.com','17602101712',1,NULL,'2017-12-28 15:44:14','2017-11-17 18:10:26','2017-11-21 14:17:38','SYSTEM','SYSTEM','','N'),(6,'yizhongtian','34d1f58951dbf42d5427f914bb2ca6ad','易中天','15645678976@163.com','15645678976',1,NULL,NULL,'2017-11-21 10:22:24','2017-12-28 15:22:28','SYSTEM','SYSTEM','','N');

/*Table structure for table `cy_visits` */

DROP TABLE IF EXISTS `cy_visits`;

CREATE TABLE `cy_visits` (
  `id` bigint(20) NOT NULL AUTO_INCREMENT COMMENT '主键',
  `session_id` varchar(64) NOT NULL COMMENT '会话ID',
  `ip` varchar(64) DEFAULT NULL COMMENT '访问IP',
  `page` varchar(200) DEFAULT NULL COMMENT '访问页面',
  `duration` bigint(20) DEFAULT NULL COMMENT '停留时间(秒)',
  `create_time` datetime NOT NULL COMMENT '创建时间',
  `update_time` datetime NOT NULL COMMENT '修改时间',
  `creator` varchar(10) NOT NULL DEFAULT 'SYSTEM' COMMENT '创建者',
  `modifier` varchar(10) NOT NULL DEFAULT 'SYSTEM' COMMENT '修改者',
  `extra_info` varchar(128) DEFAULT NULL COMMENT '扩展字段',
  `is_deleted` char(1) NOT NULL DEFAULT 'N' COMMENT '是否删除（Y：是，N：否）',
  PRIMARY KEY (`id`)
) ENGINE=InnoDB AUTO_INCREMENT=118 DEFAULT CHARSET=utf8 COMMENT='访问量';

/*Data for the table `cy_visits` */

insert  into `cy_visits`(`id`,`session_id`,`ip`,`page`,`duration`,`create_time`,`update_time`,`creator`,`modifier`,`extra_info`,`is_deleted`) values (1,'node01pgvqwvbj5zs3mgdau9z7k8pd0','0:0:0:0:0:0:0:1','/',2,'2018-01-10 16:32:20','2018-01-10 16:32:22','SYSTEM','SYSTEM',NULL,'N'),(2,'node01pgvqwvbj5zs3mgdau9z7k8pd0','0:0:0:0:0:0:0:1','/',50,'2018-01-10 16:32:22','2018-01-10 16:33:12','SYSTEM','SYSTEM',NULL,'N'),(3,'node01pgvqwvbj5zs3mgdau9z7k8pd0','0:0:0:0:0:0:0:1','/',2,'2018-01-10 16:33:12','2018-01-10 16:33:14','SYSTEM','SYSTEM',NULL,'N'),(4,'node01pgvqwvbj5zs3mgdau9z7k8pd0','0:0:0:0:0:0:0:1','/',8,'2018-01-10 16:33:14','2018-01-10 16:33:22','SYSTEM','SYSTEM',NULL,'N'),(5,'node01pgvqwvbj5zs3mgdau9z7k8pd0','0:0:0:0:0:0:0:1','/',1,'2018-01-10 16:33:22','2018-01-10 16:33:23','SYSTEM','SYSTEM',NULL,'N'),(6,'node01pgvqwvbj5zs3mgdau9z7k8pd0','0:0:0:0:0:0:0:1','/',28,'2018-01-10 16:33:23','2018-01-10 16:33:51','SYSTEM','SYSTEM',NULL,'N'),(7,'node01pgvqwvbj5zs3mgdau9z7k8pd0','0:0:0:0:0:0:0:1','/',1,'2018-01-10 16:33:51','2018-01-10 16:33:52','SYSTEM','SYSTEM',NULL,'N'),(8,'node01pgvqwvbj5zs3mgdau9z7k8pd0','0:0:0:0:0:0:0:1','/',7,'2018-01-10 16:33:52','2018-01-10 16:33:59','SYSTEM','SYSTEM',NULL,'N'),(9,'node01pgvqwvbj5zs3mgdau9z7k8pd0','0:0:0:0:0:0:0:1','/',1,'2018-01-10 16:33:59','2018-01-10 16:34:00','SYSTEM','SYSTEM',NULL,'N'),(10,'node01pgvqwvbj5zs3mgdau9z7k8pd0','0:0:0:0:0:0:0:1','/',0,'2018-01-10 16:34:00','2018-01-10 16:34:00','SYSTEM','SYSTEM',NULL,'N'),(11,'node0q6kqj81kwcyn1l31wy755017j1','0:0:0:0:0:0:0:1','/',100,'2018-01-10 16:34:40','2018-01-10 16:36:20','SYSTEM','SYSTEM',NULL,'N'),(12,'node0q6kqj81kwcyn1l31wy755017j1','0:0:0:0:0:0:0:1','/',0,'2018-01-10 16:36:20','2018-01-10 16:36:20','SYSTEM','SYSTEM',NULL,'N'),(13,'node0p2lu884nougwgixv86g1o1162','10.115.1.112','/',193,'2018-01-10 16:37:11','2018-01-10 16:40:24','SYSTEM','SYSTEM',NULL,'N'),(14,'node0r7b2dnz1uh404u642m8nv6ad3','10.115.1.7','/',0,'2018-01-10 16:37:37','2018-01-10 16:37:37','SYSTEM','SYSTEM',NULL,'N'),(15,'node01mxf488cirlyt4yj6v68dw1sa4','10.115.1.65','/',0,'2018-01-10 16:37:41','2018-01-10 16:37:41','SYSTEM','SYSTEM',NULL,'N'),(16,'node06hrq18akrrpfy6b8kxqxkpsn5','10.115.1.7','/',6,'2018-01-10 16:38:17','2018-01-10 16:38:23','SYSTEM','SYSTEM',NULL,'N'),(17,'node06hrq18akrrpfy6b8kxqxkpsn5','10.115.1.7','/',0,'2018-01-10 16:38:23','2018-01-10 16:38:23','SYSTEM','SYSTEM',NULL,'N'),(18,'node0dbkvvz71hex3du3ko3a5657z6','0:0:0:0:0:0:0:1','/',0,'2018-01-10 16:39:42','2018-01-10 16:39:42','SYSTEM','SYSTEM',NULL,'N'),(19,'node016umtgjur7ofqe39uf9grfapt7','0:0:0:0:0:0:0:1','/',11,'2018-01-10 16:39:48','2018-01-10 16:39:59','SYSTEM','SYSTEM',NULL,'N'),(20,'node016umtgjur7ofqe39uf9grfapt7','0:0:0:0:0:0:0:1','/',4,'2018-01-10 16:39:59','2018-01-10 16:40:03','SYSTEM','SYSTEM',NULL,'N'),(21,'node016umtgjur7ofqe39uf9grfapt7','0:0:0:0:0:0:0:1','/',0,'2018-01-10 16:40:03','2018-01-10 16:40:03','SYSTEM','SYSTEM',NULL,'N'),(22,'node0p2lu884nougwgixv86g1o1162','10.115.1.112','/',0,'2018-01-10 16:40:24','2018-01-10 16:40:24','SYSTEM','SYSTEM',NULL,'N'),(23,'node01orsjra1gavlvtcy0isd7uly48','0:0:0:0:0:0:0:1','/',0,'2018-01-10 16:41:29','2018-01-10 16:41:29','SYSTEM','SYSTEM',NULL,'N'),(24,'node01ppgfy56qhlqx12pt3vnrfykl59','0:0:0:0:0:0:0:1','/',0,'2018-01-10 16:53:02','2018-01-10 16:53:02','SYSTEM','SYSTEM',NULL,'N'),(25,'node01mi1q2kvzr601fhcevg0iuu1g0','0:0:0:0:0:0:0:1','/',0,'2018-01-10 16:57:36','2018-01-10 16:57:36','SYSTEM','SYSTEM',NULL,'N'),(26,'node01k1dumazziod18m76t2vtb5o21','0:0:0:0:0:0:0:1','/',0,'2018-01-10 16:57:44','2018-01-10 16:57:44','SYSTEM','SYSTEM',NULL,'N'),(27,'node0cnl19nkc1ghu1ll5rds6kmxf32','0:0:0:0:0:0:0:1','/',0,'2018-01-10 16:58:04','2018-01-10 16:58:04','SYSTEM','SYSTEM',NULL,'N'),(28,'node03zeprmb4urpoo5yz4wfeks383','0:0:0:0:0:0:0:1','/',2,'2018-01-10 17:03:47','2018-01-10 17:03:49','SYSTEM','SYSTEM',NULL,'N'),(29,'node03zeprmb4urpoo5yz4wfeks383','0:0:0:0:0:0:0:1','/',1,'2018-01-10 17:03:49','2018-01-10 17:03:50','SYSTEM','SYSTEM',NULL,'N'),(30,'node03zeprmb4urpoo5yz4wfeks383','0:0:0:0:0:0:0:1','/',1,'2018-01-10 17:03:50','2018-01-10 17:03:51','SYSTEM','SYSTEM',NULL,'N'),(31,'node03zeprmb4urpoo5yz4wfeks383','0:0:0:0:0:0:0:1','/',1,'2018-01-10 17:03:51','2018-01-10 17:03:52','SYSTEM','SYSTEM',NULL,'N'),(32,'node03zeprmb4urpoo5yz4wfeks383','0:0:0:0:0:0:0:1','/',39,'2018-01-10 17:03:52','2018-01-10 17:04:31','SYSTEM','SYSTEM',NULL,'N'),(33,'node03zeprmb4urpoo5yz4wfeks383','0:0:0:0:0:0:0:1','/',178,'2018-01-10 17:04:31','2018-01-10 17:07:29','SYSTEM','SYSTEM',NULL,'N'),(34,'node03zeprmb4urpoo5yz4wfeks383','0:0:0:0:0:0:0:1','/',259,'2018-01-10 17:07:29','2018-01-10 17:11:48','SYSTEM','SYSTEM',NULL,'N'),(35,'node01p0ni94r629bhawxhrfz4lhr14','10.115.1.112','/',0,'2018-01-10 17:08:17','2018-01-10 17:08:17','SYSTEM','SYSTEM',NULL,'N'),(36,'node0bedx3a1z14bsdhgzlhddyzd5','10.115.1.112','/',791,'2018-01-10 17:08:53','2018-01-10 17:22:04','SYSTEM','SYSTEM',NULL,'N'),(37,'node0kmwj31lmnbmw1kekl609hbcfs6','10.115.1.112','/',0,'2018-01-10 17:08:59','2018-01-10 17:08:59','SYSTEM','SYSTEM',NULL,'N'),(38,'node03zeprmb4urpoo5yz4wfeks383','0:0:0:0:0:0:0:1','/',123,'2018-01-10 17:11:48','2018-01-10 17:13:51','SYSTEM','SYSTEM',NULL,'N'),(39,'node0t6xo09g8lamtt9vk03ggb7f07','10.115.1.112','/',0,'2018-01-10 17:13:31','2018-01-10 17:13:31','SYSTEM','SYSTEM',NULL,'N'),(40,'node03zeprmb4urpoo5yz4wfeks383','0:0:0:0:0:0:0:1','/',0,'2018-01-10 17:13:51','2018-01-10 17:13:51','SYSTEM','SYSTEM',NULL,'N'),(41,'node0126m0m6awifyodpqxqe4xjxtc8','0:0:0:0:0:0:0:1','/',0,'2018-01-10 17:13:54','2018-01-10 17:13:54','SYSTEM','SYSTEM',NULL,'N'),(42,'node0ujgu8wgnf26tirlrj2i62iz29','0:0:0:0:0:0:0:1','/',0,'2018-01-10 17:14:01','2018-01-10 17:14:01','SYSTEM','SYSTEM',NULL,'N'),(43,'node0xmiu3ac0pb9ge56od60xbdmo10','0:0:0:0:0:0:0:1','/',0,'2018-01-10 17:14:12','2018-01-10 17:14:12','SYSTEM','SYSTEM',NULL,'N'),(44,'node0bedx3a1z14bsdhgzlhddyzd5','10.115.1.112','/',0,'2018-01-10 17:22:04','2018-01-10 17:22:04','SYSTEM','SYSTEM',NULL,'N'),(45,'node01trok7025e3g12y3dpv0h3xc711','10.115.1.112','/',24,'2018-01-10 17:22:14','2018-01-10 17:22:38','SYSTEM','SYSTEM',NULL,'N'),(46,'node019d49cxcbwxf1f1elh5i2u7u012','10.115.1.112','/',0,'2018-01-10 17:22:26','2018-01-10 17:22:26','SYSTEM','SYSTEM',NULL,'N'),(47,'node01trok7025e3g12y3dpv0h3xc711','10.115.1.112','/',19,'2018-01-10 17:22:38','2018-01-10 17:22:57','SYSTEM','SYSTEM',NULL,'N'),(48,'node0ybtbf3tvya6u18g7mk7atc59e13','10.115.1.112','/',0,'2018-01-10 17:22:44','2018-01-10 17:22:44','SYSTEM','SYSTEM',NULL,'N'),(49,'node01trok7025e3g12y3dpv0h3xc711','10.115.1.112','/',3,'2018-01-10 17:22:57','2018-01-10 17:23:00','SYSTEM','SYSTEM',NULL,'N'),(50,'node01trok7025e3g12y3dpv0h3xc711','10.115.1.112','/',127,'2018-01-10 17:23:00','2018-01-10 17:25:07','SYSTEM','SYSTEM',NULL,'N'),(51,'node01cwsz9un2lt20oum3hykh1kfp14','10.115.1.112','/',0,'2018-01-10 17:23:51','2018-01-10 17:23:51','SYSTEM','SYSTEM',NULL,'N'),(52,'node01svqw60179ga01eo9e3bvibw2o15','10.115.1.112','/',0,'2018-01-10 17:23:55','2018-01-10 17:23:55','SYSTEM','SYSTEM',NULL,'N'),(53,'node0qmg6w01r7lfbqb6sxfyazgjq16','10.115.1.112','/',0,'2018-01-10 17:24:05','2018-01-10 17:24:05','SYSTEM','SYSTEM',NULL,'N'),(54,'node01trok7025e3g12y3dpv0h3xc711','10.115.1.112','/',7,'2018-01-10 17:25:07','2018-01-10 17:25:14','SYSTEM','SYSTEM',NULL,'N'),(55,'node01trok7025e3g12y3dpv0h3xc711','10.115.1.112','/',596,'2018-01-10 17:25:14','2018-01-10 17:35:10','SYSTEM','SYSTEM',NULL,'N'),(56,'node0ay1271phyikm1i1q9yory3suu17','10.115.1.112','/',0,'2018-01-10 17:27:07','2018-01-10 17:27:07','SYSTEM','SYSTEM',NULL,'N'),(57,'node0vw6wgbzhrkpd1awowb4d072mx18','10.115.1.112','/',0,'2018-01-10 17:27:17','2018-01-10 17:27:17','SYSTEM','SYSTEM',NULL,'N'),(58,'node0cli0eg5nofco1fug63hx1010o19','10.115.1.112','/',0,'2018-01-10 17:28:31','2018-01-10 17:28:31','SYSTEM','SYSTEM',NULL,'N'),(59,'node0pyjy7m7e5m7tcae88s8qs1kv20','10.115.1.112','/',0,'2018-01-10 17:33:53','2018-01-10 17:33:53','SYSTEM','SYSTEM',NULL,'N'),(60,'node01trok7025e3g12y3dpv0h3xc711','10.115.1.112','/',0,'2018-01-10 17:35:10','2018-01-10 17:35:10','SYSTEM','SYSTEM',NULL,'N'),(61,'node0m9l1v4znjdd4t77cukg0mvaw21','0:0:0:0:0:0:0:1','/',0,'2018-01-10 17:40:46','2018-01-10 17:40:46','SYSTEM','SYSTEM',NULL,'N'),(62,'node01jx1397lr5acdbwjx0ki76cvn0','0:0:0:0:0:0:0:1','/',7,'2018-01-11 10:06:12','2018-01-11 10:06:19','SYSTEM','SYSTEM',NULL,'N'),(63,'node01jx1397lr5acdbwjx0ki76cvn0','0:0:0:0:0:0:0:1','/',0,'2018-01-11 10:06:19','2018-01-11 10:06:19','SYSTEM','SYSTEM',NULL,'N'),(64,'node0zpdxz0s5lrv2wxqkk24vggz51','0:0:0:0:0:0:0:1','/',0,'2018-01-11 10:06:33','2018-01-11 10:06:33','SYSTEM','SYSTEM',NULL,'N'),(65,'node0ecvxr68ag39tyi29uhnychrl2','0:0:0:0:0:0:0:1','/',39,'2018-01-11 10:07:03','2018-01-11 10:07:42','SYSTEM','SYSTEM',NULL,'N'),(66,'node0ecvxr68ag39tyi29uhnychrl2','0:0:0:0:0:0:0:1','/',1,'2018-01-11 10:07:42','2018-01-11 10:07:43','SYSTEM','SYSTEM',NULL,'N'),(67,'node0ecvxr68ag39tyi29uhnychrl2','0:0:0:0:0:0:0:1','/',0,'2018-01-11 10:07:43','2018-01-11 10:07:43','SYSTEM','SYSTEM',NULL,'N'),(68,'node0oe7scu5z71c0c9n33cdnum03','0:0:0:0:0:0:0:1','/',0,'2018-01-11 10:07:52','2018-01-11 10:07:52','SYSTEM','SYSTEM',NULL,'N'),(69,'node0tynw9cq2mmwsbxp0z771ip034','0:0:0:0:0:0:0:1','/',2,'2018-01-11 10:14:31','2018-01-11 10:14:33','SYSTEM','SYSTEM',NULL,'N'),(70,'node0tynw9cq2mmwsbxp0z771ip034','0:0:0:0:0:0:0:1','/',1,'2018-01-11 10:14:33','2018-01-11 10:14:34','SYSTEM','SYSTEM',NULL,'N'),(71,'node0tynw9cq2mmwsbxp0z771ip034','0:0:0:0:0:0:0:1','/',0,'2018-01-11 10:14:34','2018-01-11 10:14:34','SYSTEM','SYSTEM',NULL,'N'),(72,'node0rx962b5v8n5h1l0o849s3r2ya5','10.115.1.112','/',0,'2018-01-11 10:17:30','2018-01-11 10:17:30','SYSTEM','SYSTEM',NULL,'N'),(73,'node01rhwdpr8yi8ntl0vz2ji2j3bb6','0:0:0:0:0:0:0:1','/',1,'2018-01-11 10:17:38','2018-01-11 10:17:39','SYSTEM','SYSTEM',NULL,'N'),(74,'node01rhwdpr8yi8ntl0vz2ji2j3bb6','0:0:0:0:0:0:0:1','/',1,'2018-01-11 10:17:39','2018-01-11 10:17:40','SYSTEM','SYSTEM',NULL,'N'),(75,'node01rhwdpr8yi8ntl0vz2ji2j3bb6','0:0:0:0:0:0:0:1','/',1,'2018-01-11 10:17:40','2018-01-11 10:17:41','SYSTEM','SYSTEM',NULL,'N'),(76,'node01rhwdpr8yi8ntl0vz2ji2j3bb6','0:0:0:0:0:0:0:1','/',1,'2018-01-11 10:17:41','2018-01-11 10:17:42','SYSTEM','SYSTEM',NULL,'N'),(77,'node01rhwdpr8yi8ntl0vz2ji2j3bb6','0:0:0:0:0:0:0:1','/',0,'2018-01-11 10:17:41','2018-01-11 10:17:41','SYSTEM','SYSTEM',NULL,'N'),(78,'node01rhwdpr8yi8ntl0vz2ji2j3bb6','0:0:0:0:0:0:0:1','/',1,'2018-01-11 10:17:42','2018-01-11 10:17:43','SYSTEM','SYSTEM',NULL,'N'),(79,'node01rhwdpr8yi8ntl0vz2ji2j3bb6','0:0:0:0:0:0:0:1','/',0,'2018-01-11 10:17:42','2018-01-11 10:17:42','SYSTEM','SYSTEM',NULL,'N'),(80,'node01rhwdpr8yi8ntl0vz2ji2j3bb6','0:0:0:0:0:0:0:1','/',1,'2018-01-11 10:17:43','2018-01-11 10:17:44','SYSTEM','SYSTEM',NULL,'N'),(81,'node01rhwdpr8yi8ntl0vz2ji2j3bb6','0:0:0:0:0:0:0:1','/',0,'2018-01-11 10:17:43','2018-01-11 10:17:43','SYSTEM','SYSTEM',NULL,'N'),(82,'node01rhwdpr8yi8ntl0vz2ji2j3bb6','0:0:0:0:0:0:0:1','/',0,'2018-01-11 10:17:44','2018-01-11 10:17:44','SYSTEM','SYSTEM',NULL,'N'),(83,'node0ugg8wwovbtfy16dhv58920uvk7','0:0:0:0:0:0:0:1','/',17,'2018-01-11 10:25:46','2018-01-11 10:26:03','SYSTEM','SYSTEM',NULL,'N'),(84,'node0ugg8wwovbtfy16dhv58920uvk7','0:0:0:0:0:0:0:1','/',10,'2018-01-11 10:26:03','2018-01-11 10:26:13','SYSTEM','SYSTEM',NULL,'N'),(85,'node0ugg8wwovbtfy16dhv58920uvk7','0:0:0:0:0:0:0:1','/',1,'2018-01-11 10:26:13','2018-01-11 10:26:14','SYSTEM','SYSTEM',NULL,'N'),(86,'node0ugg8wwovbtfy16dhv58920uvk7','0:0:0:0:0:0:0:1','/',1,'2018-01-11 10:26:14','2018-01-11 10:26:15','SYSTEM','SYSTEM',NULL,'N'),(87,'node0ugg8wwovbtfy16dhv58920uvk7','0:0:0:0:0:0:0:1','/',39,'2018-01-11 10:26:15','2018-01-11 10:26:54','SYSTEM','SYSTEM',NULL,'N'),(88,'node0ugg8wwovbtfy16dhv58920uvk7','0:0:0:0:0:0:0:1','/',1,'2018-01-11 10:26:54','2018-01-11 10:26:55','SYSTEM','SYSTEM',NULL,'N'),(89,'node0ugg8wwovbtfy16dhv58920uvk7','0:0:0:0:0:0:0:1','/',0,'2018-01-11 10:26:55','2018-01-11 10:26:55','SYSTEM','SYSTEM',NULL,'N'),(90,'node0mjecfw6dqshf1d340ar6lqgp68','0:0:0:0:0:0:0:1','/',1,'2018-01-11 10:28:12','2018-01-11 10:28:13','SYSTEM','SYSTEM',NULL,'N'),(91,'node0mjecfw6dqshf1d340ar6lqgp68','0:0:0:0:0:0:0:1','/',8,'2018-01-11 10:28:13','2018-01-11 10:28:21','SYSTEM','SYSTEM',NULL,'N'),(92,'node0mjecfw6dqshf1d340ar6lqgp68','0:0:0:0:0:0:0:1','/',0,'2018-01-11 10:28:21','2018-01-11 10:28:21','SYSTEM','SYSTEM',NULL,'N'),(93,'node01gmcybn03j0k1gry67g44zlrb0','0:0:0:0:0:0:0:1','/',3,'2018-01-11 10:47:54','2018-01-11 10:47:57','SYSTEM','SYSTEM',NULL,'N'),(94,'node01gmcybn03j0k1gry67g44zlrb0','0:0:0:0:0:0:0:1','/',4,'2018-01-11 10:47:57','2018-01-11 10:48:01','SYSTEM','SYSTEM',NULL,'N'),(95,'node01gmcybn03j0k1gry67g44zlrb0','0:0:0:0:0:0:0:1','/search',21,'2018-01-11 10:48:01','2018-01-11 10:48:22','SYSTEM','SYSTEM',NULL,'N'),(96,'node01gmcybn03j0k1gry67g44zlrb0','0:0:0:0:0:0:0:1','/product/detail',67,'2018-01-11 10:48:22','2018-01-11 10:49:29','SYSTEM','SYSTEM',NULL,'N'),(97,'node01gmcybn03j0k1gry67g44zlrb0','0:0:0:0:0:0:0:1','/images/53f44cc2N0b714cb2_002.jpg',0,'2018-01-11 10:48:22','2018-01-11 10:48:22','SYSTEM','SYSTEM',NULL,'N'),(98,'node01gmcybn03j0k1gry67g44zlrb0','0:0:0:0:0:0:0:1','/product/detail',83,'2018-01-11 10:49:29','2018-01-11 10:50:52','SYSTEM','SYSTEM',NULL,'N'),(99,'node01gmcybn03j0k1gry67g44zlrb0','0:0:0:0:0:0:0:1','/product/detail',253,'2018-01-11 10:50:52','2018-01-11 10:55:05','SYSTEM','SYSTEM',NULL,'N'),(100,'node01gmcybn03j0k1gry67g44zlrb0','0:0:0:0:0:0:0:1','//images/53f44cc2N0b714cb2_002.jpg',12,'2018-01-11 10:55:05','2018-01-11 10:55:17','SYSTEM','SYSTEM',NULL,'N'),(101,'node01rvqdcqhlwg831k4wy8n7r3fof1','0:0:0:0:0:0:0:1','/',0,'2018-01-11 10:58:41','2018-01-11 10:58:41','SYSTEM','SYSTEM',NULL,'N'),(102,'node017adjbdgkdsd11nyzlq8b8ej2x2','0:0:0:0:0:0:0:1','/',22,'2018-01-11 11:07:45','2018-01-11 11:08:07','SYSTEM','SYSTEM',NULL,'N'),(103,'node017adjbdgkdsd11nyzlq8b8ej2x2','0:0:0:0:0:0:0:1','/search',4,'2018-01-11 11:08:07','2018-01-11 11:08:11','SYSTEM','SYSTEM',NULL,'N'),(104,'node017adjbdgkdsd11nyzlq8b8ej2x2','0:0:0:0:0:0:0:1','/search',4,'2018-01-11 11:08:11','2018-01-11 11:08:15','SYSTEM','SYSTEM',NULL,'N'),(105,'node017adjbdgkdsd11nyzlq8b8ej2x2','0:0:0:0:0:0:0:1','/search',18,'2018-01-11 11:08:15','2018-01-11 11:08:33','SYSTEM','SYSTEM',NULL,'N'),(106,'node017adjbdgkdsd11nyzlq8b8ej2x2','0:0:0:0:0:0:0:1','/toCart',5,'2018-01-11 11:08:33','2018-01-11 11:08:38','SYSTEM','SYSTEM',NULL,'N'),(107,'node017adjbdgkdsd11nyzlq8b8ej2x2','0:0:0:0:0:0:0:1','/buyer/trueBuy',1,'2018-01-11 11:08:38','2018-01-11 11:08:39','SYSTEM','SYSTEM',NULL,'N'),(108,'node017adjbdgkdsd11nyzlq8b8ej2x2','0:0:0:0:0:0:0:1','/order_files/565d0624N54b49906_002.jpg',9,'2018-01-11 11:08:39','2018-01-11 11:08:48','SYSTEM','SYSTEM',NULL,'N'),(109,'node017adjbdgkdsd11nyzlq8b8ej2x2','0:0:0:0:0:0:0:1','/order_files/55668cb2N2cb0a8fa_002.jpg',0,'2018-01-11 11:08:39','2018-01-11 11:08:39','SYSTEM','SYSTEM',NULL,'N'),(110,'node017adjbdgkdsd11nyzlq8b8ej2x2','0:0:0:0:0:0:0:1','/shopping/toCart',19,'2018-01-11 11:08:49','2018-01-11 11:09:08','SYSTEM','SYSTEM',NULL,'N'),(111,'node017adjbdgkdsd11nyzlq8b8ej2x2','0:0:0:0:0:0:0:1','/',0,'2018-01-11 11:09:08','2018-01-11 11:09:08','SYSTEM','SYSTEM',NULL,'N'),(112,'node014dqpk5ls6gyt1jkv6lhhfenv00','0:0:0:0:0:0:0:1','/',4,'2018-01-12 11:41:59','2018-01-12 11:42:03','SYSTEM','SYSTEM',NULL,'N'),(113,'node014dqpk5ls6gyt1jkv6lhhfenv00','0:0:0:0:0:0:0:1','/images/543b4d75N686689d7.jpg',14,'2018-01-12 11:42:03','2018-01-12 11:42:17','SYSTEM','SYSTEM',NULL,'N'),(114,'node014dqpk5ls6gyt1jkv6lhhfenv00','0:0:0:0:0:0:0:1','/search',4,'2018-01-12 11:42:17','2018-01-12 11:42:21','SYSTEM','SYSTEM',NULL,'N'),(115,'node014dqpk5ls6gyt1jkv6lhhfenv00','0:0:0:0:0:0:0:1','/images/i/search.icons.png',13,'2018-01-12 11:42:21','2018-01-12 11:42:34','SYSTEM','SYSTEM',NULL,'N'),(116,'node014dqpk5ls6gyt1jkv6lhhfenv00','0:0:0:0:0:0:0:1','/search',19,'2018-01-12 11:42:34','2018-01-12 11:42:53','SYSTEM','SYSTEM',NULL,'N'),(117,'node014dqpk5ls6gyt1jkv6lhhfenv00','0:0:0:0:0:0:0:1','/search',0,'2018-01-12 11:42:53','2018-01-12 11:42:53','SYSTEM','SYSTEM',NULL,'N');

/*Table structure for table `qrtz_blob_triggers` */

DROP TABLE IF EXISTS `qrtz_blob_triggers`;

CREATE TABLE `qrtz_blob_triggers` (
  `SCHED_NAME` varchar(120) NOT NULL,
  `TRIGGER_NAME` varchar(200) NOT NULL,
  `TRIGGER_GROUP` varchar(200) NOT NULL,
  `BLOB_DATA` blob,
  PRIMARY KEY (`SCHED_NAME`,`TRIGGER_NAME`,`TRIGGER_GROUP`),
  KEY `SCHED_NAME` (`SCHED_NAME`,`TRIGGER_NAME`,`TRIGGER_GROUP`),
  CONSTRAINT `qrtz_blob_triggers_ibfk_1` FOREIGN KEY (`SCHED_NAME`, `TRIGGER_NAME`, `TRIGGER_GROUP`) REFERENCES `qrtz_triggers` (`SCHED_NAME`, `TRIGGER_NAME`, `TRIGGER_GROUP`)
) ENGINE=InnoDB DEFAULT CHARSET=utf8;

/*Data for the table `qrtz_blob_triggers` */

/*Table structure for table `qrtz_calendars` */

DROP TABLE IF EXISTS `qrtz_calendars`;

CREATE TABLE `qrtz_calendars` (
  `SCHED_NAME` varchar(120) NOT NULL,
  `CALENDAR_NAME` varchar(200) NOT NULL,
  `CALENDAR` blob NOT NULL,
  PRIMARY KEY (`SCHED_NAME`,`CALENDAR_NAME`)
) ENGINE=InnoDB DEFAULT CHARSET=utf8;

/*Data for the table `qrtz_calendars` */

/*Table structure for table `qrtz_cron_triggers` */

DROP TABLE IF EXISTS `qrtz_cron_triggers`;

CREATE TABLE `qrtz_cron_triggers` (
  `SCHED_NAME` varchar(120) NOT NULL,
  `TRIGGER_NAME` varchar(200) NOT NULL,
  `TRIGGER_GROUP` varchar(200) NOT NULL,
  `CRON_EXPRESSION` varchar(120) NOT NULL,
  `TIME_ZONE_ID` varchar(80) DEFAULT NULL,
  PRIMARY KEY (`SCHED_NAME`,`TRIGGER_NAME`,`TRIGGER_GROUP`),
  CONSTRAINT `qrtz_cron_triggers_ibfk_1` FOREIGN KEY (`SCHED_NAME`, `TRIGGER_NAME`, `TRIGGER_GROUP`) REFERENCES `qrtz_triggers` (`SCHED_NAME`, `TRIGGER_NAME`, `TRIGGER_GROUP`)
) ENGINE=InnoDB DEFAULT CHARSET=utf8;

/*Data for the table `qrtz_cron_triggers` */

insert  into `qrtz_cron_triggers`(`SCHED_NAME`,`TRIGGER_NAME`,`TRIGGER_GROUP`,`CRON_EXPRESSION`,`TIME_ZONE_ID`) values ('schedulerFactoryBean','jobTrigger','DEFAULT','0 15 10 ? * 6L 2050-2051','Asia/Shanghai');

/*Table structure for table `qrtz_fired_triggers` */

DROP TABLE IF EXISTS `qrtz_fired_triggers`;

CREATE TABLE `qrtz_fired_triggers` (
  `SCHED_NAME` varchar(120) NOT NULL,
  `ENTRY_ID` varchar(95) NOT NULL,
  `TRIGGER_NAME` varchar(200) NOT NULL,
  `TRIGGER_GROUP` varchar(200) NOT NULL,
  `INSTANCE_NAME` varchar(200) NOT NULL,
  `FIRED_TIME` bigint(13) NOT NULL,
  `SCHED_TIME` bigint(13) NOT NULL,
  `PRIORITY` int(11) NOT NULL,
  `STATE` varchar(16) NOT NULL,
  `JOB_NAME` varchar(200) DEFAULT NULL,
  `JOB_GROUP` varchar(200) DEFAULT NULL,
  `IS_NONCONCURRENT` varchar(1) DEFAULT NULL,
  `REQUESTS_RECOVERY` varchar(1) DEFAULT NULL,
  PRIMARY KEY (`SCHED_NAME`,`ENTRY_ID`),
  KEY `IDX_QRTZ_FT_TRIG_INST_NAME` (`SCHED_NAME`,`INSTANCE_NAME`),
  KEY `IDX_QRTZ_FT_INST_JOB_REQ_RCVRY` (`SCHED_NAME`,`INSTANCE_NAME`,`REQUESTS_RECOVERY`),
  KEY `IDX_QRTZ_FT_J_G` (`SCHED_NAME`,`JOB_NAME`,`JOB_GROUP`),
  KEY `IDX_QRTZ_FT_JG` (`SCHED_NAME`,`JOB_GROUP`),
  KEY `IDX_QRTZ_FT_T_G` (`SCHED_NAME`,`TRIGGER_NAME`,`TRIGGER_GROUP`),
  KEY `IDX_QRTZ_FT_TG` (`SCHED_NAME`,`TRIGGER_GROUP`)
) ENGINE=InnoDB DEFAULT CHARSET=utf8;

/*Data for the table `qrtz_fired_triggers` */

/*Table structure for table `qrtz_job_details` */

DROP TABLE IF EXISTS `qrtz_job_details`;

CREATE TABLE `qrtz_job_details` (
  `SCHED_NAME` varchar(120) NOT NULL,
  `JOB_NAME` varchar(200) NOT NULL,
  `JOB_GROUP` varchar(200) NOT NULL,
  `DESCRIPTION` varchar(250) DEFAULT NULL,
  `JOB_CLASS_NAME` varchar(250) NOT NULL,
  `IS_DURABLE` varchar(1) NOT NULL,
  `IS_NONCONCURRENT` varchar(1) NOT NULL,
  `IS_UPDATE_DATA` varchar(1) NOT NULL,
  `REQUESTS_RECOVERY` varchar(1) NOT NULL,
  `JOB_DATA` blob,
  PRIMARY KEY (`SCHED_NAME`,`JOB_NAME`,`JOB_GROUP`),
  KEY `IDX_QRTZ_J_REQ_RECOVERY` (`SCHED_NAME`,`REQUESTS_RECOVERY`),
  KEY `IDX_QRTZ_J_GRP` (`SCHED_NAME`,`JOB_GROUP`)
) ENGINE=InnoDB DEFAULT CHARSET=utf8;

/*Data for the table `qrtz_job_details` */

insert  into `qrtz_job_details`(`SCHED_NAME`,`JOB_NAME`,`JOB_GROUP`,`DESCRIPTION`,`JOB_CLASS_NAME`,`IS_DURABLE`,`IS_NONCONCURRENT`,`IS_UPDATE_DATA`,`REQUESTS_RECOVERY`,`JOB_DATA`) values ('schedulerFactoryBean','updateDialogStatusJobDetail','DEFAULT',NULL,'com.caoyong.job.SampleJob','1','0','0','0','\0sr\0org.quartz.JobDataMap迩\0\0xr\0&org.quartz.utils.StringKeyDirtyFlagMap](\0Z\0allowsTransientDataxr\0org.quartz.utils.DirtyFlagMap.(v\n\0Z\0dirtyL\0mapt\0Ljava/util/Map;xp\0sr\0java.util.HashMap`\0F\0\nloadFactorI\0	thresholdxp?@\0\0\0\0\0w\0\0\0\0\0\0\0x\0');

/*Table structure for table `qrtz_locks` */

DROP TABLE IF EXISTS `qrtz_locks`;

CREATE TABLE `qrtz_locks` (
  `SCHED_NAME` varchar(120) NOT NULL,
  `LOCK_NAME` varchar(40) NOT NULL,
  PRIMARY KEY (`SCHED_NAME`,`LOCK_NAME`)
) ENGINE=InnoDB DEFAULT CHARSET=utf8;

/*Data for the table `qrtz_locks` */

insert  into `qrtz_locks`(`SCHED_NAME`,`LOCK_NAME`) values ('schedulerFactoryBean','STATE_ACCESS'),('schedulerFactoryBean','TRIGGER_ACCESS');

/*Table structure for table `qrtz_paused_trigger_grps` */

DROP TABLE IF EXISTS `qrtz_paused_trigger_grps`;

CREATE TABLE `qrtz_paused_trigger_grps` (
  `SCHED_NAME` varchar(120) NOT NULL,
  `TRIGGER_GROUP` varchar(200) NOT NULL,
  PRIMARY KEY (`SCHED_NAME`,`TRIGGER_GROUP`)
) ENGINE=InnoDB DEFAULT CHARSET=utf8;

/*Data for the table `qrtz_paused_trigger_grps` */

/*Table structure for table `qrtz_scheduler_state` */

DROP TABLE IF EXISTS `qrtz_scheduler_state`;

CREATE TABLE `qrtz_scheduler_state` (
  `SCHED_NAME` varchar(120) NOT NULL,
  `INSTANCE_NAME` varchar(200) NOT NULL,
  `LAST_CHECKIN_TIME` bigint(13) NOT NULL,
  `CHECKIN_INTERVAL` bigint(13) NOT NULL,
  PRIMARY KEY (`SCHED_NAME`,`INSTANCE_NAME`)
) ENGINE=InnoDB DEFAULT CHARSET=utf8;

/*Data for the table `qrtz_scheduler_state` */

insert  into `qrtz_scheduler_state`(`SCHED_NAME`,`INSTANCE_NAME`,`LAST_CHECKIN_TIME`,`CHECKIN_INTERVAL`) values ('schedulerFactoryBean','LT07EJ5XCUICRT61515728303799',1515728588205,20000);

/*Table structure for table `qrtz_simple_triggers` */

DROP TABLE IF EXISTS `qrtz_simple_triggers`;

CREATE TABLE `qrtz_simple_triggers` (
  `SCHED_NAME` varchar(120) NOT NULL,
  `TRIGGER_NAME` varchar(200) NOT NULL,
  `TRIGGER_GROUP` varchar(200) NOT NULL,
  `REPEAT_COUNT` bigint(7) NOT NULL,
  `REPEAT_INTERVAL` bigint(12) NOT NULL,
  `TIMES_TRIGGERED` bigint(10) NOT NULL,
  PRIMARY KEY (`SCHED_NAME`,`TRIGGER_NAME`,`TRIGGER_GROUP`),
  CONSTRAINT `qrtz_simple_triggers_ibfk_1` FOREIGN KEY (`SCHED_NAME`, `TRIGGER_NAME`, `TRIGGER_GROUP`) REFERENCES `qrtz_triggers` (`SCHED_NAME`, `TRIGGER_NAME`, `TRIGGER_GROUP`)
) ENGINE=InnoDB DEFAULT CHARSET=utf8;

/*Data for the table `qrtz_simple_triggers` */

/*Table structure for table `qrtz_simprop_triggers` */

DROP TABLE IF EXISTS `qrtz_simprop_triggers`;

CREATE TABLE `qrtz_simprop_triggers` (
  `SCHED_NAME` varchar(120) NOT NULL,
  `TRIGGER_NAME` varchar(200) NOT NULL,
  `TRIGGER_GROUP` varchar(200) NOT NULL,
  `STR_PROP_1` varchar(512) DEFAULT NULL,
  `STR_PROP_2` varchar(512) DEFAULT NULL,
  `STR_PROP_3` varchar(512) DEFAULT NULL,
  `INT_PROP_1` int(11) DEFAULT NULL,
  `INT_PROP_2` int(11) DEFAULT NULL,
  `LONG_PROP_1` bigint(20) DEFAULT NULL,
  `LONG_PROP_2` bigint(20) DEFAULT NULL,
  `DEC_PROP_1` decimal(13,4) DEFAULT NULL,
  `DEC_PROP_2` decimal(13,4) DEFAULT NULL,
  `BOOL_PROP_1` varchar(1) DEFAULT NULL,
  `BOOL_PROP_2` varchar(1) DEFAULT NULL,
  PRIMARY KEY (`SCHED_NAME`,`TRIGGER_NAME`,`TRIGGER_GROUP`),
  CONSTRAINT `qrtz_simprop_triggers_ibfk_1` FOREIGN KEY (`SCHED_NAME`, `TRIGGER_NAME`, `TRIGGER_GROUP`) REFERENCES `qrtz_triggers` (`SCHED_NAME`, `TRIGGER_NAME`, `TRIGGER_GROUP`)
) ENGINE=InnoDB DEFAULT CHARSET=utf8;

/*Data for the table `qrtz_simprop_triggers` */

/*Table structure for table `qrtz_triggers` */

DROP TABLE IF EXISTS `qrtz_triggers`;

CREATE TABLE `qrtz_triggers` (
  `SCHED_NAME` varchar(120) NOT NULL,
  `TRIGGER_NAME` varchar(200) NOT NULL,
  `TRIGGER_GROUP` varchar(200) NOT NULL,
  `JOB_NAME` varchar(200) NOT NULL,
  `JOB_GROUP` varchar(200) NOT NULL,
  `DESCRIPTION` varchar(250) DEFAULT NULL,
  `NEXT_FIRE_TIME` bigint(13) DEFAULT NULL,
  `PREV_FIRE_TIME` bigint(13) DEFAULT NULL,
  `PRIORITY` int(11) DEFAULT NULL,
  `TRIGGER_STATE` varchar(16) NOT NULL,
  `TRIGGER_TYPE` varchar(8) NOT NULL,
  `START_TIME` bigint(13) NOT NULL,
  `END_TIME` bigint(13) DEFAULT NULL,
  `CALENDAR_NAME` varchar(200) DEFAULT NULL,
  `MISFIRE_INSTR` smallint(2) DEFAULT NULL,
  `JOB_DATA` blob,
  PRIMARY KEY (`SCHED_NAME`,`TRIGGER_NAME`,`TRIGGER_GROUP`),
  KEY `IDX_QRTZ_T_J` (`SCHED_NAME`,`JOB_NAME`,`JOB_GROUP`),
  KEY `IDX_QRTZ_T_JG` (`SCHED_NAME`,`JOB_GROUP`),
  KEY `IDX_QRTZ_T_C` (`SCHED_NAME`,`CALENDAR_NAME`),
  KEY `IDX_QRTZ_T_G` (`SCHED_NAME`,`TRIGGER_GROUP`),
  KEY `IDX_QRTZ_T_STATE` (`SCHED_NAME`,`TRIGGER_STATE`),
  KEY `IDX_QRTZ_T_N_STATE` (`SCHED_NAME`,`TRIGGER_NAME`,`TRIGGER_GROUP`,`TRIGGER_STATE`),
  KEY `IDX_QRTZ_T_N_G_STATE` (`SCHED_NAME`,`TRIGGER_GROUP`,`TRIGGER_STATE`),
  KEY `IDX_QRTZ_T_NEXT_FIRE_TIME` (`SCHED_NAME`,`NEXT_FIRE_TIME`),
  KEY `IDX_QRTZ_T_NFT_ST` (`SCHED_NAME`,`TRIGGER_STATE`,`NEXT_FIRE_TIME`),
  KEY `IDX_QRTZ_T_NFT_MISFIRE` (`SCHED_NAME`,`MISFIRE_INSTR`,`NEXT_FIRE_TIME`),
  KEY `IDX_QRTZ_T_NFT_ST_MISFIRE` (`SCHED_NAME`,`MISFIRE_INSTR`,`NEXT_FIRE_TIME`,`TRIGGER_STATE`),
  KEY `IDX_QRTZ_T_NFT_ST_MISFIRE_GRP` (`SCHED_NAME`,`MISFIRE_INSTR`,`NEXT_FIRE_TIME`,`TRIGGER_GROUP`,`TRIGGER_STATE`),
  CONSTRAINT `qrtz_triggers_ibfk_1` FOREIGN KEY (`SCHED_NAME`, `JOB_NAME`, `JOB_GROUP`) REFERENCES `qrtz_job_details` (`SCHED_NAME`, `JOB_NAME`, `JOB_GROUP`)
) ENGINE=InnoDB DEFAULT CHARSET=utf8;

/*Data for the table `qrtz_triggers` */

insert  into `qrtz_triggers`(`SCHED_NAME`,`TRIGGER_NAME`,`TRIGGER_GROUP`,`JOB_NAME`,`JOB_GROUP`,`DESCRIPTION`,`NEXT_FIRE_TIME`,`PREV_FIRE_TIME`,`PRIORITY`,`TRIGGER_STATE`,`TRIGGER_TYPE`,`START_TIME`,`END_TIME`,`CALENDAR_NAME`,`MISFIRE_INSTR`,`JOB_DATA`) values ('schedulerFactoryBean','jobTrigger','DEFAULT','updateDialogStatusJobDetail','DEFAULT',NULL,2526948900000,-1,0,'WAITING','CRON',1515728303000,0,NULL,0,'');

/*!40101 SET SQL_MODE=@OLD_SQL_MODE */;
/*!40014 SET FOREIGN_KEY_CHECKS=@OLD_FOREIGN_KEY_CHECKS */;
/*!40014 SET UNIQUE_CHECKS=@OLD_UNIQUE_CHECKS */;
/*!40111 SET SQL_NOTES=@OLD_SQL_NOTES */;
